<?xml version="1.0" encoding="UTF-8"?>

<Consent xmlns="http://hl7.org/fhir">
  <id value="NewJerseyConsentProfile"/>
  <text>
    <status value="generated"/><div xmlns="http://www.w3.org/1999/xhtml"><p class="res-header-id"><b>Generated Narrative: Consent NewJerseyConsentProfile</b></p><a name="NewJerseyConsentProfile"> </a><a name="hcNewJerseyConsentProfile"> </a><a name="NewJerseyConsentProfile-en-US"> </a><p><b>status</b>: Active</p><p><b>scope</b>: <span title="Codes:{http://terminology.hl7.org/CodeSystem/consentscope patient-privacy}">Privacy Consent</span></p><p><b>category</b>: <span title="Codes:{http://loinc.org 57017-6}">Privacy policy Organization Document</span></p><p><b>dateTime</b>: 2024-01-29 16:35:56+0000</p><p><b>organization</b>: <a href="NJ">State of New Jersey</a></p><p><b>source</b>: </p><blockquote><p><b>provision</b></p><p><b>type</b>: Opt In</p><h3>Provisions</h3><table class="grid"><tr><td style="display: none">-</td><td><b>Type</b></td><td><b>Class</b></td><td><b>Code</b></td></tr><tr><td style="display: none">*</td><td>Opt In</td><td><a href="http://hl7.org/fhir/R4/codesystem-resource-types.html#resource-types-Practitioner">ResourceType</a> Practitioner: Practitioner</td><td><span title="Codes:{http://snomed.info/sct 768825008}">Doula</span></td></tr><tr><td style="display: none">*</td><td>Opt In</td><td><a href="http://hl7.org/fhir/R4/codesystem-resource-types.html#resource-types-Coverage">ResourceType</a> Coverage: Coverage</td><td><span title="Codes:">Medicaid Expansion</span></td></tr><tr><td style="display: none">*</td><td>Opt In</td><td><a href="http://hl7.org/fhir/R4/codesystem-resource-types.html#resource-types-RelatedPerson">ResourceType</a> RelatedPerson: RelatedPerson</td><td><span title="Codes:{http://terminology.hl7.org/CodeSystem/v3-MaritalStatus P}, {http://terminology.hl7.org/CodeSystem/v3-MaritalStatus T}">Marital Status</span>, <span title="Codes:{http://terminology.hl7.org/CodeSystem/v3-FamilyMember FTHFOST}, {http://terminology.hl7.org/CodeSystem/v3-FamilyMember MTHFOST}, {http://terminology.hl7.org/CodeSystem/v3-FamilyMember PRNFOST}">relation</span></td></tr></table></blockquote></div>
  </text>
  <status value="active"/>
  <scope>
    <coding>
      <system value="http://terminology.hl7.org/CodeSystem/consentscope"/>
      <code value="patient-privacy"/>
      <display value="Privacy Consent"/>
    </coding>
  </scope>
  <category>
    <coding>
      <system value="http://loinc.org"/>
      <code value="57017-6"/>
      <display value="Privacy policy Organization Document"/>
    </coding>
  </category>
  <dateTime value="2024-01-29T16:35:56.722Z"/>
  <organization>
    <reference value="NJ"/>
    <display value="State of New Jersey"/>
  </organization>
  <sourceAttachment>
    <title value="The terms of the consent in lawyer speak."/>
    <creation value="2016-08-22"/>
  </sourceAttachment>
  <provision>
    <type value="permit"/>
    <provision>
      <type value="permit"/>
      <class>
        <system value="http://hl7.org/fhir/resource-types"/>
        <code value="Practitioner"/>
        <display value="Practitioner"/>
      </class>
      <code>
        <coding>
          <system value="http://snomed.info/sct"/>
          <code value="768825008"/>
          <display value="Doula (occupation)"/>
        </coding>
        <text value="Doula"/>
      </code>
    </provision>
    <provision>
      <type value="permit"/>
      <class>
        <system value="http://hl7.org/fhir/resource-types"/>
        <code value="Coverage"/>
        <display value="Coverage"/>
      </class>
      <code>
        <coding>
          <code value="SUBSUPP"/>
          <display value="subsidized supplemental health program"/>
        </coding>
        <text value="Medicaid Expansion"/>
      </code>
    </provision>
    <provision>
      <type value="permit"/>
      <class>
        <system value="http://hl7.org/fhir/resource-types"/>
        <code value="RelatedPerson"/>
        <display value="RelatedPerson"/>
      </class>
      <code>
        <coding>
          <system value="http://terminology.hl7.org/CodeSystem/v3-MaritalStatus"/>
          <code value="P"/>
          <display value="Polygamous"/>
        </coding>
        <coding>
          <system value="http://terminology.hl7.org/CodeSystem/v3-MaritalStatus"/>
          <code value="T"/>
          <display value="Domestic partner"/>
        </coding>
        <text value="Marital Status"/>
      </code>
      <code>
        <coding>
          <system value="http://terminology.hl7.org/CodeSystem/v3-FamilyMember"/>
          <code value="FTHFOST"/>
          <display value="Foster Father"/>
        </coding>
        <coding>
          <system value="http://terminology.hl7.org/CodeSystem/v3-FamilyMember"/>
          <code value="MTHFOST"/>
          <display value="Foster Mother"/>
        </coding>
        <coding>
          <system value="http://terminology.hl7.org/CodeSystem/v3-FamilyMember"/>
          <code value="PRNFOST"/>
          <display value="Foster Parent"/>
        </coding>
        <text value="relation"/>
      </code>
    </provision>
  </provision>
</Consent>