<?xml version="1.0" encoding="UTF-8"?><ImplementationGuide xmlns="http://hl7.org/fhir"><id value="mehi.ig.fhir"/><text><status value="extensions"/><div xmlns="http://www.w3.org/1999/xhtml"><h2>USStateProfiles</h2><p>The official URL for this implementation guide is: </p><pre>https://gitlab.mitre.org/awatson/us-state-profiles/ImplementationGuide/mehi.ig.fhir</pre></div></text><url value="https://gitlab.mitre.org/awatson/us-state-profiles/ImplementationGuide/mehi.ig.fhir"/><version value="0.4.0"/><name value="USStateProfiles"/><status value="draft"/><date value="2022-07-04T11:58:27-05:00"/><publisher value="MITRE, Inc"/><contact><name value="MITRE, Inc"/><telecom><system value="url"/><value value="https://gitlab.mitre.org/awatson/us-state-profiles"/></telecom></contact><packageId value="mehi.ig.fhir"/><license value="CC0-1.0"/><fhirVersion value="4.0.1"/><dependsOn id="hl7_fhir_us_core"><uri value="http://hl7.org/fhir/us/core/ImplementationGuide/hl7.fhir.us.core"/><packageId value="hl7.fhir.us.core"/><version value="3.2.0"/></dependsOn><definition><extension url="http://hl7.org/fhir/tools/StructureDefinition/ig-parameter"><extension url="code"><valueString value="copyrightyear"/></extension><extension url="value"><valueString value="2021+"/></extension></extension><extension url="http://hl7.org/fhir/tools/StructureDefinition/ig-parameter"><extension url="code"><valueString value="releaselabel"/></extension><extension url="value"><valueString value="ci-build"/></extension></extension><extension url="http://hl7.org/fhir/tools/StructureDefinition/ig-parameter"><extension url="code"><valueString value="path-liquid"/></extension><extension url="value"><valueString value="template/liquid"/></extension></extension><extension url="http://hl7.org/fhir/tools/StructureDefinition/ig-parameter"><extension url="code"><valueString value="path-liquid"/></extension><extension url="value"><valueString value="input/liquid"/></extension></extension><extension url="http://hl7.org/fhir/tools/StructureDefinition/ig-parameter"><extension url="code"><valueString value="path-qa"/></extension><extension url="value"><valueString value="temp/qa"/></extension></extension><extension url="http://hl7.org/fhir/tools/StructureDefinition/ig-parameter"><extension url="code"><valueString value="path-temp"/></extension><extension url="value"><valueString value="temp/pages"/></extension></extension><extension url="http://hl7.org/fhir/tools/StructureDefinition/ig-parameter"><extension url="code"><valueString value="path-output"/></extension><extension url="value"><valueString value="output"/></extension></extension><extension url="http://hl7.org/fhir/tools/StructureDefinition/ig-parameter"><extension url="code"><valueString value="path-suppressed-warnings"/></extension><extension url="value"><valueString value="input/ignoreWarnings.txt"/></extension></extension><extension url="http://hl7.org/fhir/tools/StructureDefinition/ig-parameter"><extension url="code"><valueString value="path-history"/></extension><extension url="value"><valueString value="https://gitlab.mitre.org/awatson/us-state-profiles/history.html"/></extension></extension><extension url="http://hl7.org/fhir/tools/StructureDefinition/ig-parameter"><extension url="code"><valueString value="template-html"/></extension><extension url="value"><valueString value="template-page.html"/></extension></extension><extension url="http://hl7.org/fhir/tools/StructureDefinition/ig-parameter"><extension url="code"><valueString value="template-md"/></extension><extension url="value"><valueString value="template-page-md.html"/></extension></extension><extension url="http://hl7.org/fhir/tools/StructureDefinition/ig-parameter"><extension url="code"><valueString value="apply-contact"/></extension><extension url="value"><valueString value="true"/></extension></extension><extension url="http://hl7.org/fhir/tools/StructureDefinition/ig-parameter"><extension url="code"><valueString value="apply-context"/></extension><extension url="value"><valueString value="true"/></extension></extension><extension url="http://hl7.org/fhir/tools/StructureDefinition/ig-parameter"><extension url="code"><valueString value="apply-copyright"/></extension><extension url="value"><valueString value="true"/></extension></extension><extension url="http://hl7.org/fhir/tools/StructureDefinition/ig-parameter"><extension url="code"><valueString value="apply-jurisdiction"/></extension><extension url="value"><valueString value="true"/></extension></extension><extension url="http://hl7.org/fhir/tools/StructureDefinition/ig-parameter"><extension url="code"><valueString value="apply-license"/></extension><extension url="value"><valueString value="true"/></extension></extension><extension url="http://hl7.org/fhir/tools/StructureDefinition/ig-parameter"><extension url="code"><valueString value="apply-publisher"/></extension><extension url="value"><valueString value="true"/></extension></extension><extension url="http://hl7.org/fhir/tools/StructureDefinition/ig-parameter"><extension url="code"><valueString value="apply-version"/></extension><extension url="value"><valueString value="true"/></extension></extension><extension url="http://hl7.org/fhir/tools/StructureDefinition/ig-parameter"><extension url="code"><valueString value="active-tables"/></extension><extension url="value"><valueString value="true"/></extension></extension><extension url="http://hl7.org/fhir/tools/StructureDefinition/ig-parameter"><extension url="code"><valueString value="fmm-definition"/></extension><extension url="value"><valueString value="http://hl7.org/fhir/versions.html#maturity"/></extension></extension><extension url="http://hl7.org/fhir/tools/StructureDefinition/ig-parameter"><extension url="code"><valueString value="propagate-status"/></extension><extension url="value"><valueString value="true"/></extension></extension><extension url="http://hl7.org/fhir/tools/StructureDefinition/ig-parameter"><extension url="code"><valueString value="excludelogbinaryformat"/></extension><extension url="value"><valueString value="true"/></extension></extension><grouping id="-str-profile"><name value="Structures: Resource Profiles"/><description value="These define constraints on FHIR resources for systems conforming to this implementation guide"/></grouping><grouping id="-term-valueset"><name value="Terminology: Value Sets"/><description value="These define sets of codes used by systems conforming to this implementation guide"/></grouping><grouping id="-term-codesystem"><name value="Terminology: Code Systems"/><description value="These define new code systems used by systems conforming to this implementation guide"/></grouping><resource><extension url="http://hl7.org/fhir/StructureDefinition/implementationguide-page"><valueUri value="StructureDefinition-alabama-consent-profile.html"/></extension><reference><reference value="StructureDefinition/alabama-consent-profile"/></reference><name value="AlabamaConsentProfile"/><description value="Alabama consent profile."/><exampleBoolean value="false"/><groupingId value="-str-profile"/></resource><resource><extension url="http://hl7.org/fhir/StructureDefinition/implementationguide-page"><valueUri value="StructureDefinition-alaska-consent-profile.html"/></extension><reference><reference value="StructureDefinition/alaska-consent-profile"/></reference><name value="AlaskaConsentProfile"/><description value="Alaska consent profile."/><exampleBoolean value="false"/><groupingId value="-str-profile"/></resource><resource><extension url="http://hl7.org/fhir/StructureDefinition/implementationguide-page"><valueUri value="StructureDefinition-arizona-consent-profile.html"/></extension><reference><reference value="StructureDefinition/arizona-consent-profile"/></reference><name value="ArizonaConsentProfile"/><description value="Arizona consent profile."/><exampleBoolean value="false"/><groupingId value="-str-profile"/></resource><resource><extension url="http://hl7.org/fhir/StructureDefinition/implementationguide-page"><valueUri value="StructureDefinition-arkansas-consent-profile.html"/></extension><reference><reference value="StructureDefinition/arkansas-consent-profile"/></reference><name value="ArkansasConsentProfile"/><description value="Arkansas consent profile."/><exampleBoolean value="false"/><groupingId value="-str-profile"/></resource><resource><extension url="http://hl7.org/fhir/StructureDefinition/implementationguide-page"><valueUri value="StructureDefinition-base-consent-profile.html"/></extension><reference><reference value="StructureDefinition/base-consent-profile"/></reference><name value="BaseConsentProfile"/><description value="Base consent profile."/><exampleBoolean value="false"/><groupingId value="-str-profile"/></resource><resource><extension url="http://hl7.org/fhir/StructureDefinition/implementationguide-page"><valueUri value="StructureDefinition-california-consent-profile.html"/></extension><reference><reference value="StructureDefinition/california-consent-profile"/></reference><name value="CaliforniaConsentProfile"/><description value="California consent profile."/><exampleBoolean value="false"/><groupingId value="-str-profile"/></resource><resource><extension url="http://hl7.org/fhir/StructureDefinition/implementationguide-page"><valueUri value="StructureDefinition-colorado-consent-profile.html"/></extension><reference><reference value="StructureDefinition/colorado-consent-profile"/></reference><name value="ColoradoConsentProfile"/><description value="Colorado consent profile."/><exampleBoolean value="false"/><groupingId value="-str-profile"/></resource><resource><extension url="http://hl7.org/fhir/StructureDefinition/implementationguide-page"><valueUri value="StructureDefinition-connecticut-consent-profile.html"/></extension><reference><reference value="StructureDefinition/connecticut-consent-profile"/></reference><name value="ConnecticutConsentProfile"/><description value="Connecticut consent profile."/><exampleBoolean value="false"/><groupingId value="-str-profile"/></resource><resource><extension url="http://hl7.org/fhir/StructureDefinition/implementationguide-page"><valueUri value="StructureDefinition-delaware-consent-profile.html"/></extension><reference><reference value="StructureDefinition/delaware-consent-profile"/></reference><name value="DelawareConsentProfile"/><description value="Delaware consent profile."/><exampleBoolean value="false"/><groupingId value="-str-profile"/></resource><resource><extension url="http://hl7.org/fhir/StructureDefinition/implementationguide-page"><valueUri value="StructureDefinition-district-of-columbia-consent-profile.html"/></extension><reference><reference value="StructureDefinition/district-of-columbia-consent-profile"/></reference><name value="DistrictOfColumbiaConsentProfile"/><description value="District Of Columbia consent profile."/><exampleBoolean value="false"/><groupingId value="-str-profile"/></resource><resource><extension url="http://hl7.org/fhir/StructureDefinition/implementationguide-page"><valueUri value="StructureDefinition-florida-consent-profile.html"/></extension><reference><reference value="StructureDefinition/florida-consent-profile"/></reference><name value="FloridaConsentProfile"/><description value="Florida consent profile."/><exampleBoolean value="false"/><groupingId value="-str-profile"/></resource><resource><extension url="http://hl7.org/fhir/StructureDefinition/implementationguide-page"><valueUri value="StructureDefinition-georgia-consent-profile.html"/></extension><reference><reference value="StructureDefinition/georgia-consent-profile"/></reference><name value="GeorgiaConsentProfile"/><description value="Georgia consent profile."/><exampleBoolean value="false"/><groupingId value="-str-profile"/></resource><resource><extension url="http://hl7.org/fhir/StructureDefinition/implementationguide-page"><valueUri value="StructureDefinition-hawaii-consent-profile.html"/></extension><reference><reference value="StructureDefinition/hawaii-consent-profile"/></reference><name value="HawaiiConsentProfile"/><description value="Hawaii consent profile."/><exampleBoolean value="false"/><groupingId value="-str-profile"/></resource><resource><extension url="http://hl7.org/fhir/StructureDefinition/implementationguide-page"><valueUri value="StructureDefinition-idaho-consent-profile.html"/></extension><reference><reference value="StructureDefinition/idaho-consent-profile"/></reference><name value="IdahoConsentProfile"/><description value="Idaho consent profile."/><exampleBoolean value="false"/><groupingId value="-str-profile"/></resource><resource><extension url="http://hl7.org/fhir/StructureDefinition/implementationguide-page"><valueUri value="StructureDefinition-illinois-consent-profile.html"/></extension><reference><reference value="StructureDefinition/illinois-consent-profile"/></reference><name value="IllinoisConsentProfile"/><description value="Illinois consent profile."/><exampleBoolean value="false"/><groupingId value="-str-profile"/></resource><resource><extension url="http://hl7.org/fhir/StructureDefinition/implementationguide-page"><valueUri value="StructureDefinition-indiana-consent-profile.html"/></extension><reference><reference value="StructureDefinition/indiana-consent-profile"/></reference><name value="IndianaConsentProfile"/><description value="Indiana consent profile."/><exampleBoolean value="false"/><groupingId value="-str-profile"/></resource><resource><extension url="http://hl7.org/fhir/StructureDefinition/implementationguide-page"><valueUri value="StructureDefinition-iowa-consent-profile.html"/></extension><reference><reference value="StructureDefinition/iowa-consent-profile"/></reference><name value="IowaConsentProfile"/><description value="Iowa consent profile."/><exampleBoolean value="false"/><groupingId value="-str-profile"/></resource><resource><extension url="http://hl7.org/fhir/StructureDefinition/implementationguide-page"><valueUri value="StructureDefinition-kansas-consent-profile.html"/></extension><reference><reference value="StructureDefinition/kansas-consent-profile"/></reference><name value="KansasConsentProfile"/><description value="Kansas consent profile."/><exampleBoolean value="false"/><groupingId value="-str-profile"/></resource><resource><extension url="http://hl7.org/fhir/StructureDefinition/implementationguide-page"><valueUri value="StructureDefinition-kentucky-consent-profile.html"/></extension><reference><reference value="StructureDefinition/kentucky-consent-profile"/></reference><name value="KentuckyConsentProfile"/><description value="Kentucky consent profile."/><exampleBoolean value="false"/><groupingId value="-str-profile"/></resource><resource><extension url="http://hl7.org/fhir/StructureDefinition/implementationguide-page"><valueUri value="StructureDefinition-louisiana-consent-profile.html"/></extension><reference><reference value="StructureDefinition/louisiana-consent-profile"/></reference><name value="LouisianaConsentProfile"/><description value="Louisiana consent profile."/><exampleBoolean value="false"/><groupingId value="-str-profile"/></resource><resource><extension url="http://hl7.org/fhir/StructureDefinition/implementationguide-page"><valueUri value="StructureDefinition-maine-consent-profile.html"/></extension><reference><reference value="StructureDefinition/maine-consent-profile"/></reference><name value="MaineConsentProfile"/><description value="Maine consent profile."/><exampleBoolean value="false"/><groupingId value="-str-profile"/></resource><resource><extension url="http://hl7.org/fhir/StructureDefinition/implementationguide-page"><valueUri value="StructureDefinition-maryland-consent-profile.html"/></extension><reference><reference value="StructureDefinition/maryland-consent-profile"/></reference><name value="MarylandConsentProfile"/><description value="Maryland consent profile."/><exampleBoolean value="false"/><groupingId value="-str-profile"/></resource><resource><extension url="http://hl7.org/fhir/StructureDefinition/implementationguide-page"><valueUri value="StructureDefinition-massachusetts-consent-profile.html"/></extension><reference><reference value="StructureDefinition/massachusetts-consent-profile"/></reference><name value="MassachusettsConsentProfile"/><description value="Massachusetts consent profile."/><exampleBoolean value="false"/><groupingId value="-str-profile"/></resource><resource><extension url="http://hl7.org/fhir/StructureDefinition/implementationguide-page"><valueUri value="StructureDefinition-michigan-consent-profile.html"/></extension><reference><reference value="StructureDefinition/michigan-consent-profile"/></reference><name value="MichiganConsentProfile"/><description value="Michigan consent profile."/><exampleBoolean value="false"/><groupingId value="-str-profile"/></resource><resource><extension url="http://hl7.org/fhir/StructureDefinition/implementationguide-page"><valueUri value="StructureDefinition-minnesota-consent-profile.html"/></extension><reference><reference value="StructureDefinition/minnesota-consent-profile"/></reference><name value="MinnesotaConsentProfile"/><description value="Minnesota consent profile."/><exampleBoolean value="false"/><groupingId value="-str-profile"/></resource><resource><extension url="http://hl7.org/fhir/StructureDefinition/implementationguide-page"><valueUri value="StructureDefinition-mississippi-consent-profile.html"/></extension><reference><reference value="StructureDefinition/mississippi-consent-profile"/></reference><name value="MississippiConsentProfile"/><description value="Mississippi consent profile."/><exampleBoolean value="false"/><groupingId value="-str-profile"/></resource><resource><extension url="http://hl7.org/fhir/StructureDefinition/implementationguide-page"><valueUri value="StructureDefinition-missouri-consent-profile.html"/></extension><reference><reference value="StructureDefinition/missouri-consent-profile"/></reference><name value="MissouriConsentProfile"/><description value="Missouri consent profile."/><exampleBoolean value="false"/><groupingId value="-str-profile"/></resource><resource><extension url="http://hl7.org/fhir/StructureDefinition/implementationguide-page"><valueUri value="StructureDefinition-montana-consent-profile.html"/></extension><reference><reference value="StructureDefinition/montana-consent-profile"/></reference><name value="MontanaConsentProfile"/><description value="Montana consent profile."/><exampleBoolean value="false"/><groupingId value="-str-profile"/></resource><resource><extension url="http://hl7.org/fhir/StructureDefinition/implementationguide-page"><valueUri value="StructureDefinition-nebraska-consent-profile.html"/></extension><reference><reference value="StructureDefinition/nebraska-consent-profile"/></reference><name value="NebraskaConsentProfile"/><description value="Nebraska consent profile."/><exampleBoolean value="false"/><groupingId value="-str-profile"/></resource><resource><extension url="http://hl7.org/fhir/StructureDefinition/implementationguide-page"><valueUri value="StructureDefinition-nevada-consent-profile.html"/></extension><reference><reference value="StructureDefinition/nevada-consent-profile"/></reference><name value="NevadaConsentProfile"/><description value="Nevada consent profile."/><exampleBoolean value="false"/><groupingId value="-str-profile"/></resource><resource><extension url="http://hl7.org/fhir/StructureDefinition/implementationguide-page"><valueUri value="StructureDefinition-new-hampshire-consent-profile.html"/></extension><reference><reference value="StructureDefinition/new-hampshire-consent-profile"/></reference><name value="NewHampshireConsentProfile"/><description value="New Hampshire consent profile."/><exampleBoolean value="false"/><groupingId value="-str-profile"/></resource><resource><extension url="http://hl7.org/fhir/StructureDefinition/implementationguide-page"><valueUri value="StructureDefinition-new-jersey-consent-profile.html"/></extension><reference><reference value="StructureDefinition/new-jersey-consent-profile"/></reference><name value="NewJerseyConsentProfile"/><description value="New Jersey consent profile."/><exampleBoolean value="false"/><groupingId value="-str-profile"/></resource><resource><extension url="http://hl7.org/fhir/StructureDefinition/implementationguide-page"><valueUri value="StructureDefinition-new-mexico-consent-profile.html"/></extension><reference><reference value="StructureDefinition/new-mexico-consent-profile"/></reference><name value="NewMexicoConsentProfile"/><description value="New Mexico consent profile."/><exampleBoolean value="false"/><groupingId value="-str-profile"/></resource><resource><extension url="http://hl7.org/fhir/StructureDefinition/implementationguide-page"><valueUri value="StructureDefinition-new-york-consent-profile.html"/></extension><reference><reference value="StructureDefinition/new-york-consent-profile"/></reference><name value="NewYorkConsentProfile"/><description value="New York consent profile."/><exampleBoolean value="false"/><groupingId value="-str-profile"/></resource><resource><extension url="http://hl7.org/fhir/StructureDefinition/implementationguide-page"><valueUri value="StructureDefinition-north-carolina-consent-profile.html"/></extension><reference><reference value="StructureDefinition/north-carolina-consent-profile"/></reference><name value="NorthCarolinaConsentProfile"/><description value="NorthCarolina consent profile."/><exampleBoolean value="false"/><groupingId value="-str-profile"/></resource><resource><extension url="http://hl7.org/fhir/StructureDefinition/implementationguide-page"><valueUri value="StructureDefinition-north-dakota-consent-profile.html"/></extension><reference><reference value="StructureDefinition/north-dakota-consent-profile"/></reference><name value="NorthDakotaConsentProfile"/><description value="North Dakota consent profile."/><exampleBoolean value="false"/><groupingId value="-str-profile"/></resource><resource><extension url="http://hl7.org/fhir/StructureDefinition/implementationguide-page"><valueUri value="StructureDefinition-ohio-consent-profile.html"/></extension><reference><reference value="StructureDefinition/ohio-consent-profile"/></reference><name value="OhioConsentProfile"/><description value="Ohio consent profile."/><exampleBoolean value="false"/><groupingId value="-str-profile"/></resource><resource><extension url="http://hl7.org/fhir/StructureDefinition/implementationguide-page"><valueUri value="StructureDefinition-oklahoma-consent-profile.html"/></extension><reference><reference value="StructureDefinition/oklahoma-consent-profile"/></reference><name value="OklahomaConsentProfile"/><description value="Oklahoma consent profile."/><exampleBoolean value="false"/><groupingId value="-str-profile"/></resource><resource><extension url="http://hl7.org/fhir/StructureDefinition/implementationguide-page"><valueUri value="StructureDefinition-oregon-consent-profile.html"/></extension><reference><reference value="StructureDefinition/oregon-consent-profile"/></reference><name value="OregonConsentProfile"/><description value="Oregon consent profile."/><exampleBoolean value="false"/><groupingId value="-str-profile"/></resource><resource><extension url="http://hl7.org/fhir/StructureDefinition/implementationguide-page"><valueUri value="StructureDefinition-pennsylvania-consent-profile.html"/></extension><reference><reference value="StructureDefinition/pennsylvania-consent-profile"/></reference><name value="PennsylvaniaConsentProfile"/><description value="Pennsylvania consent profile."/><exampleBoolean value="false"/><groupingId value="-str-profile"/></resource><resource><extension url="http://hl7.org/fhir/StructureDefinition/implementationguide-page"><valueUri value="StructureDefinition-rhode-island-consent-profile.html"/></extension><reference><reference value="StructureDefinition/rhode-island-consent-profile"/></reference><name value="RhodeIslandConsentProfile"/><description value="Rhode Island consent profile."/><exampleBoolean value="false"/><groupingId value="-str-profile"/></resource><resource><extension url="http://hl7.org/fhir/StructureDefinition/implementationguide-page"><valueUri value="StructureDefinition-south-carolina-consent-profile.html"/></extension><reference><reference value="StructureDefinition/south-carolina-consent-profile"/></reference><name value="SouthCarolinaConsentProfile"/><description value="South Carolina consent profile."/><exampleBoolean value="false"/><groupingId value="-str-profile"/></resource><resource><extension url="http://hl7.org/fhir/StructureDefinition/implementationguide-page"><valueUri value="StructureDefinition-south-dakota-consent-profile.html"/></extension><reference><reference value="StructureDefinition/south-dakota-consent-profile"/></reference><name value="SouthDakotaConsentProfile"/><description value="South Dakota consent profile."/><exampleBoolean value="false"/><groupingId value="-str-profile"/></resource><resource><extension url="http://hl7.org/fhir/StructureDefinition/implementationguide-page"><valueUri value="StructureDefinition-tennessee-consent-profile.html"/></extension><reference><reference value="StructureDefinition/tennessee-consent-profile"/></reference><name value="TennesseeConsentProfile"/><description value="Tennessee consent profile."/><exampleBoolean value="false"/><groupingId value="-str-profile"/></resource><resource><extension url="http://hl7.org/fhir/StructureDefinition/implementationguide-page"><valueUri value="StructureDefinition-texas-consent-profile.html"/></extension><reference><reference value="StructureDefinition/texas-consent-profile"/></reference><name value="TexasConsentProfile"/><description value="Texas consent profile."/><exampleBoolean value="false"/><groupingId value="-str-profile"/></resource><resource><extension url="http://hl7.org/fhir/StructureDefinition/implementationguide-page"><valueUri value="StructureDefinition-utah-consent-profile.html"/></extension><reference><reference value="StructureDefinition/utah-consent-profile"/></reference><name value="UtahConsentProfile"/><description value="Utah consent profile."/><exampleBoolean value="false"/><groupingId value="-str-profile"/></resource><resource><extension url="http://hl7.org/fhir/StructureDefinition/implementationguide-page"><valueUri value="StructureDefinition-vermont-consent-profile.html"/></extension><reference><reference value="StructureDefinition/vermont-consent-profile"/></reference><name value="VermontConsentProfile"/><description value="Vermont consent profile."/><exampleBoolean value="false"/><groupingId value="-str-profile"/></resource><resource><extension url="http://hl7.org/fhir/StructureDefinition/implementationguide-page"><valueUri value="StructureDefinition-virginia-consent-profile.html"/></extension><reference><reference value="StructureDefinition/virginia-consent-profile"/></reference><name value="VirginiaConsentProfile"/><description value="Virginia consent profile."/><exampleBoolean value="false"/><groupingId value="-str-profile"/></resource><resource><extension url="http://hl7.org/fhir/StructureDefinition/implementationguide-page"><valueUri value="StructureDefinition-washington-consent-profile.html"/></extension><reference><reference value="StructureDefinition/washington-consent-profile"/></reference><name value="WashingtonConsentProfile"/><description value="Washington consent profile."/><exampleBoolean value="false"/><groupingId value="-str-profile"/></resource><resource><extension url="http://hl7.org/fhir/StructureDefinition/implementationguide-page"><valueUri value="StructureDefinition-west-virginia-consent-profile.html"/></extension><reference><reference value="StructureDefinition/west-virginia-consent-profile"/></reference><name value="WestVirginiaConsentProfile"/><description value="West Virginia consent profile."/><exampleBoolean value="false"/><groupingId value="-str-profile"/></resource><resource><extension url="http://hl7.org/fhir/StructureDefinition/implementationguide-page"><valueUri value="ValueSet-consent-exchange-category-codes.html"/></extension><reference><reference value="ValueSet/consent-exchange-category-codes"/></reference><name value="ConsentExchangeCategoryCodes"/><description value="Consent Exchange - Category Codes"/><exampleBoolean value="false"/><groupingId value="-term-valueset"/></resource><resource><extension url="http://hl7.org/fhir/StructureDefinition/implementationguide-page"><valueUri value="ValueSet-ConsentExchangePolicies.html"/></extension><reference><reference value="ValueSet/ConsentExchangePolicies"/></reference><name value="ConsentExchangePolicies"/><description value="Consent Exchange - Policies"/><exampleBoolean value="false"/><groupingId value="-term-valueset"/></resource><resource><extension url="http://hl7.org/fhir/StructureDefinition/implementationguide-page"><valueUri value="ValueSet-ConsentExchangeRelations.html"/></extension><reference><reference value="ValueSet/ConsentExchangeRelations"/></reference><name value="ConsentExchangeRelations"/><description value="Consent Exchange - Relationships"/><exampleBoolean value="false"/><groupingId value="-term-valueset"/></resource><resource><extension url="http://hl7.org/fhir/StructureDefinition/implementationguide-page"><valueUri value="ValueSet-consent-exchange-scope-codes.html"/></extension><reference><reference value="ValueSet/consent-exchange-scope-codes"/></reference><name value="ConsentExchangeScopeCodes"/><description value="Consent Exchange - Scope Codes"/><exampleBoolean value="false"/><groupingId value="-term-valueset"/></resource><resource><extension url="http://hl7.org/fhir/StructureDefinition/implementationguide-page"><valueUri value="CodeSystem-CmsInteroperabilityPolicyCodes.html"/></extension><reference><reference value="CodeSystem/CmsInteroperabilityPolicyCodes"/></reference><name value="CmsInteroperabilityPolicyCodes"/><description value="Policy provisions defined under CMS-9115-F, CMS Interoperability and Patient Access final rule"/><exampleBoolean value="false"/><groupingId value="-term-codesystem"/></resource><resource><extension url="http://hl7.org/fhir/StructureDefinition/implementationguide-page"><valueUri value="CodeSystem-ConsentExchangeRelationships.html"/></extension><reference><reference value="CodeSystem/ConsentExchangeRelationships"/></reference><name value="ConsentExchangeRelationships"/><description value="Relationships used to model and exchange consent relationships"/><exampleBoolean value="false"/><groupingId value="-term-codesystem"/></resource><resource><extension url="http://hl7.org/fhir/StructureDefinition/implementationguide-page"><valueUri value="CodeSystem-PayorToPayorExchangePolicyCodes.html"/></extension><reference><reference value="CodeSystem/PayorToPayorExchangePolicyCodes"/></reference><name value="PayorToPayorExchangePolicyCodes"/><description value="Policy codes used to define legal frameworks under which consent exchange occurs between payors."/><exampleBoolean value="false"/><groupingId value="-term-codesystem"/></resource><page><nameUrl value="toc.html"/><title value="Table of Contents"/><generation value="html"/><page><nameUrl value="index.html"/><title value="US State Interoperability Profiles"/><generation value="markdown"/></page><page><nameUrl value="profiles.html"/><title value="Regional Profiles"/><generation value="markdown"/></page><page><nameUrl value="page-advanced-directives.html"/><title value="Advanced Directives"/><generation value="markdown"/></page><page><nameUrl value="page-foster-care.html"/><title value="Foster Care"/><generation value="markdown"/></page><page><nameUrl value="page-trans-sports.html"/><title value="Trans Sports"/><generation value="markdown"/></page><page><nameUrl value="page-abortion.html"/><title value="Abortion"/><generation value="markdown"/></page><page><nameUrl value="page-controlled-substances.html"/><title value="Controlled Substances"/><generation value="markdown"/></page><page><nameUrl value="page-religious-exemptions.html"/><title value="Religious Exemptions"/><generation value="markdown"/></page><page><nameUrl value="page-medicaid-expansion.html"/><title value="Medicaid Expansion"/><generation value="markdown"/></page><page><nameUrl value="artifacts.html"/><title value="Artifacts Summary"/><generation value="html"/><page><nameUrl value="StructureDefinition-alabama-consent-profile.html"/><title value="AlabamaConsentProfile"/><generation value="generated"/></page><page><nameUrl value="StructureDefinition-alaska-consent-profile.html"/><title value="AlaskaConsentProfile"/><generation value="generated"/></page><page><nameUrl value="StructureDefinition-arizona-consent-profile.html"/><title value="ArizonaConsentProfile"/><generation value="generated"/></page><page><nameUrl value="StructureDefinition-arkansas-consent-profile.html"/><title value="ArkansasConsentProfile"/><generation value="generated"/></page><page><nameUrl value="StructureDefinition-base-consent-profile.html"/><title value="BaseConsentProfile"/><generation value="generated"/></page><page><nameUrl value="StructureDefinition-california-consent-profile.html"/><title value="CaliforniaConsentProfile"/><generation value="generated"/></page><page><nameUrl value="StructureDefinition-colorado-consent-profile.html"/><title value="ColoradoConsentProfile"/><generation value="generated"/></page><page><nameUrl value="StructureDefinition-connecticut-consent-profile.html"/><title value="ConnecticutConsentProfile"/><generation value="generated"/></page><page><nameUrl value="StructureDefinition-delaware-consent-profile.html"/><title value="DelawareConsentProfile"/><generation value="generated"/></page><page><nameUrl value="StructureDefinition-district-of-columbia-consent-profile.html"/><title value="DistrictOfColumbiaConsentProfile"/><generation value="generated"/></page><page><nameUrl value="StructureDefinition-florida-consent-profile.html"/><title value="FloridaConsentProfile"/><generation value="generated"/></page><page><nameUrl value="StructureDefinition-georgia-consent-profile.html"/><title value="GeorgiaConsentProfile"/><generation value="generated"/></page><page><nameUrl value="StructureDefinition-hawaii-consent-profile.html"/><title value="HawaiiConsentProfile"/><generation value="generated"/></page><page><nameUrl value="StructureDefinition-idaho-consent-profile.html"/><title value="IdahoConsentProfile"/><generation value="generated"/></page><page><nameUrl value="StructureDefinition-illinois-consent-profile.html"/><title value="IllinoisConsentProfile"/><generation value="generated"/></page><page><nameUrl value="StructureDefinition-indiana-consent-profile.html"/><title value="IndianaConsentProfile"/><generation value="generated"/></page><page><nameUrl value="StructureDefinition-iowa-consent-profile.html"/><title value="IowaConsentProfile"/><generation value="generated"/></page><page><nameUrl value="StructureDefinition-kansas-consent-profile.html"/><title value="KansasConsentProfile"/><generation value="generated"/></page><page><nameUrl value="StructureDefinition-kentucky-consent-profile.html"/><title value="KentuckyConsentProfile"/><generation value="generated"/></page><page><nameUrl value="StructureDefinition-louisiana-consent-profile.html"/><title value="LouisianaConsentProfile"/><generation value="generated"/></page><page><nameUrl value="StructureDefinition-maine-consent-profile.html"/><title value="MaineConsentProfile"/><generation value="generated"/></page><page><nameUrl value="StructureDefinition-maryland-consent-profile.html"/><title value="MarylandConsentProfile"/><generation value="generated"/></page><page><nameUrl value="StructureDefinition-massachusetts-consent-profile.html"/><title value="MassachusettsConsentProfile"/><generation value="generated"/></page><page><nameUrl value="StructureDefinition-michigan-consent-profile.html"/><title value="MichiganConsentProfile"/><generation value="generated"/></page><page><nameUrl value="StructureDefinition-minnesota-consent-profile.html"/><title value="MinnesotaConsentProfile"/><generation value="generated"/></page><page><nameUrl value="StructureDefinition-mississippi-consent-profile.html"/><title value="MississippiConsentProfile"/><generation value="generated"/></page><page><nameUrl value="StructureDefinition-missouri-consent-profile.html"/><title value="MissouriConsentProfile"/><generation value="generated"/></page><page><nameUrl value="StructureDefinition-montana-consent-profile.html"/><title value="MontanaConsentProfile"/><generation value="generated"/></page><page><nameUrl value="StructureDefinition-nebraska-consent-profile.html"/><title value="NebraskaConsentProfile"/><generation value="generated"/></page><page><nameUrl value="StructureDefinition-nevada-consent-profile.html"/><title value="NevadaConsentProfile"/><generation value="generated"/></page><page><nameUrl value="StructureDefinition-new-hampshire-consent-profile.html"/><title value="NewHampshireConsentProfile"/><generation value="generated"/></page><page><nameUrl value="StructureDefinition-new-jersey-consent-profile.html"/><title value="NewJerseyConsentProfile"/><generation value="generated"/></page><page><nameUrl value="StructureDefinition-new-mexico-consent-profile.html"/><title value="NewMexicoConsentProfile"/><generation value="generated"/></page><page><nameUrl value="StructureDefinition-new-york-consent-profile.html"/><title value="NewYorkConsentProfile"/><generation value="generated"/></page><page><nameUrl value="StructureDefinition-north-carolina-consent-profile.html"/><title value="NorthCarolinaConsentProfile"/><generation value="generated"/></page><page><nameUrl value="StructureDefinition-north-dakota-consent-profile.html"/><title value="NorthDakotaConsentProfile"/><generation value="generated"/></page><page><nameUrl value="StructureDefinition-ohio-consent-profile.html"/><title value="OhioConsentProfile"/><generation value="generated"/></page><page><nameUrl value="StructureDefinition-oklahoma-consent-profile.html"/><title value="OklahomaConsentProfile"/><generation value="generated"/></page><page><nameUrl value="StructureDefinition-oregon-consent-profile.html"/><title value="OregonConsentProfile"/><generation value="generated"/></page><page><nameUrl value="StructureDefinition-pennsylvania-consent-profile.html"/><title value="PennsylvaniaConsentProfile"/><generation value="generated"/></page><page><nameUrl value="StructureDefinition-rhode-island-consent-profile.html"/><title value="RhodeIslandConsentProfile"/><generation value="generated"/></page><page><nameUrl value="StructureDefinition-south-carolina-consent-profile.html"/><title value="SouthCarolinaConsentProfile"/><generation value="generated"/></page><page><nameUrl value="StructureDefinition-south-dakota-consent-profile.html"/><title value="SouthDakotaConsentProfile"/><generation value="generated"/></page><page><nameUrl value="StructureDefinition-tennessee-consent-profile.html"/><title value="TennesseeConsentProfile"/><generation value="generated"/></page><page><nameUrl value="StructureDefinition-texas-consent-profile.html"/><title value="TexasConsentProfile"/><generation value="generated"/></page><page><nameUrl value="StructureDefinition-utah-consent-profile.html"/><title value="UtahConsentProfile"/><generation value="generated"/></page><page><nameUrl value="StructureDefinition-vermont-consent-profile.html"/><title value="VermontConsentProfile"/><generation value="generated"/></page><page><nameUrl value="StructureDefinition-virginia-consent-profile.html"/><title value="VirginiaConsentProfile"/><generation value="generated"/></page><page><nameUrl value="StructureDefinition-washington-consent-profile.html"/><title value="WashingtonConsentProfile"/><generation value="generated"/></page><page><nameUrl value="StructureDefinition-west-virginia-consent-profile.html"/><title value="WestVirginiaConsentProfile"/><generation value="generated"/></page><page><nameUrl value="ValueSet-consent-exchange-category-codes.html"/><title value="ConsentExchangeCategoryCodes"/><generation value="generated"/></page><page><nameUrl value="ValueSet-ConsentExchangePolicies.html"/><title value="ConsentExchangePolicies"/><generation value="generated"/></page><page><nameUrl value="ValueSet-ConsentExchangeRelations.html"/><title value="ConsentExchangeRelations"/><generation value="generated"/></page><page><nameUrl value="ValueSet-consent-exchange-scope-codes.html"/><title value="ConsentExchangeScopeCodes"/><generation value="generated"/></page><page><nameUrl value="CodeSystem-CmsInteroperabilityPolicyCodes.html"/><title value="CmsInteroperabilityPolicyCodes"/><generation value="generated"/></page><page><nameUrl value="CodeSystem-ConsentExchangeRelationships.html"/><title value="ConsentExchangeRelationships"/><generation value="generated"/></page><page><nameUrl value="CodeSystem-PayorToPayorExchangePolicyCodes.html"/><title value="PayorToPayorExchangePolicyCodes"/><generation value="generated"/></page></page></page><parameter><code value="path-resource"/><value value="input/capabilities"/></parameter><parameter><code value="path-resource"/><value value="input/examples"/></parameter><parameter><code value="path-resource"/><value value="input/extensions"/></parameter><parameter><code value="path-resource"/><value value="input/models"/></parameter><parameter><code value="path-resource"/><value value="input/operations"/></parameter><parameter><code value="path-resource"/><value value="input/profiles"/></parameter><parameter><code value="path-resource"/><value value="input/resources"/></parameter><parameter><code value="path-resource"/><value value="input/vocabulary"/></parameter><parameter><code value="path-resource"/><value value="input/maps"/></parameter><parameter><code value="path-resource"/><value value="input/testing"/></parameter><parameter><code value="path-resource"/><value value="input/history"/></parameter><parameter><code value="path-resource"/><value value="fsh-generated/resources"/></parameter><parameter><code value="path-pages"/><value value="template/config"/></parameter><parameter><code value="path-pages"/><value value="input/images"/></parameter><parameter><code value="path-tx-cache"/><value value="input-cache/txcache"/></parameter></definition></ImplementationGuide>