<?xml version="1.0" encoding="UTF-8"?><ValueSet xmlns="http://hl7.org/fhir"><id value="ConsentExchangePolicies"/><text><status value="generated"/><div xmlns="http://www.w3.org/1999/xhtml"><p>This value set includes codes based on the following rules:</p><ul><li>Include all codes defined in <code>http://mehi-ig.tranquildata.com/CodeSystem/PayorToPayorExchangePolicyCodes</code></li><li>Import all the codes that are contained in <a href="http://hl7.org/fhir/R4/valueset-consent-policy.html">Consent PolicyRule Codes</a></li></ul></div></text><url value="https://gitlab.mitre.org/awatson/us-state-profiles/ValueSet/ConsentExchangePolicies"/><version value="0.5.0"/><name value="ConsentExchangePolicies"/><title value="ConsentExchangePolicies"/><status value="draft"/><date value="2024-01-29T13:10:12-06:00"/><publisher value="MITRE, Inc"/><contact><name value="MITRE, Inc"/><telecom><system value="url"/><value value="https://gitlab.mitre.org/awatson/us-state-profiles"/></telecom></contact><description value="Consent Exchange - Policies"/><compose><include><system value="http://mehi-ig.tranquildata.com/CodeSystem/PayorToPayorExchangePolicyCodes"/></include><include><valueSet value="http://hl7.org/fhir/ValueSet/consent-policy"/></include></compose></ValueSet>