{"resourceType":"CodeSystem","id":"ConsentExchangeRelationships","text":{"status":"generated","div":"<div xmlns=\"http://www.w3.org/1999/xhtml\"><p>This code system https://gitlab.mitre.org/awatson/us-state-profiles/CodeSystem/ConsentExchangeRelationships defines the following codes:</p><table class=\"codes\"><tr><td style=\"white-space:nowrap\"><b>Code</b></td></tr></table></div>"},"url":"https://gitlab.mitre.org/awatson/us-state-profiles/CodeSystem/ConsentExchangeRelationships","version":"0.3.6","name":"ConsentExchangeRelationships","title":"ConsentExchangeRelationships","status":"active","date":"2022-02-02T16:42:41-06:00","publisher":"MITRE, Inc","contact":[{"name":"MITRE, Inc","telecom":[{"system":"url","value":"https://awatson.pages.mitre.org/us-state-profiles/"}]}],"description":"Relationships used to model and exchange consent relationships","content":"complete"}