{"resourceType":"ImplementationGuide","id":"mehi.ig.fhir","text":{"status":"extensions","div":"<div xmlns=\"http://www.w3.org/1999/xhtml\"><h2>USStateProfiles</h2><p>The official URL for this implementation guide is: </p><pre>https://gitlab.mitre.org/awatson/us-state-profiles/ImplementationGuide/mehi.ig.fhir</pre></div>"},"url":"https://gitlab.mitre.org/awatson/us-state-profiles/ImplementationGuide/mehi.ig.fhir","version":"0.4.0","name":"USStateProfiles","status":"draft","date":"2022-10-31T09:22:00-05:00","publisher":"MITRE, Inc","contact":[{"name":"MITRE, Inc","telecom":[{"system":"url","value":"https://gitlab.mitre.org/awatson/us-state-profiles"}]}],"packageId":"mehi.ig.fhir","license":"CC0-1.0","fhirVersion":["4.0.1"],"dependsOn":[{"id":"hl7tx","uri":"http://terminology.hl7.org/ImplementationGuide/hl7.terminology","packageId":"hl7.terminology.r4","version":"4.0.0"},{"id":"hl7_fhir_us_core","uri":"http://hl7.org/fhir/us/core/ImplementationGuide/hl7.fhir.us.core","packageId":"hl7.fhir.us.core","version":"3.2.0"}],"definition":{"extension":[{"extension":[{"url":"code","valueString":"copyrightyear"},{"url":"value","valueString":"2021+"}],"url":"http://hl7.org/fhir/tools/StructureDefinition/ig-parameter"},{"extension":[{"url":"code","valueString":"releaselabel"},{"url":"value","valueString":"ci-build"}],"url":"http://hl7.org/fhir/tools/StructureDefinition/ig-parameter"},{"extension":[{"url":"code","valueString":"autoload-resources"},{"url":"value","valueString":"true"}],"url":"http://hl7.org/fhir/tools/StructureDefinition/ig-parameter"},{"extension":[{"url":"code","valueString":"path-liquid"},{"url":"value","valueString":"template/liquid"}],"url":"http://hl7.org/fhir/tools/StructureDefinition/ig-parameter"},{"extension":[{"url":"code","valueString":"path-liquid"},{"url":"value","valueString":"input/liquid"}],"url":"http://hl7.org/fhir/tools/StructureDefinition/ig-parameter"},{"extension":[{"url":"code","valueString":"path-qa"},{"url":"value","valueString":"temp/qa"}],"url":"http://hl7.org/fhir/tools/StructureDefinition/ig-parameter"},{"extension":[{"url":"code","valueString":"path-temp"},{"url":"value","valueString":"temp/pages"}],"url":"http://hl7.org/fhir/tools/StructureDefinition/ig-parameter"},{"extension":[{"url":"code","valueString":"path-output"},{"url":"value","valueString":"output"}],"url":"http://hl7.org/fhir/tools/StructureDefinition/ig-parameter"},{"extension":[{"url":"code","valueString":"path-suppressed-warnings"},{"url":"value","valueString":"input/ignoreWarnings.txt"}],"url":"http://hl7.org/fhir/tools/StructureDefinition/ig-parameter"},{"extension":[{"url":"code","valueString":"path-history"},{"url":"value","valueString":"https://gitlab.mitre.org/awatson/us-state-profiles/history.html"}],"url":"http://hl7.org/fhir/tools/StructureDefinition/ig-parameter"},{"extension":[{"url":"code","valueString":"template-html"},{"url":"value","valueString":"template-page.html"}],"url":"http://hl7.org/fhir/tools/StructureDefinition/ig-parameter"},{"extension":[{"url":"code","valueString":"template-md"},{"url":"value","valueString":"template-page-md.html"}],"url":"http://hl7.org/fhir/tools/StructureDefinition/ig-parameter"},{"extension":[{"url":"code","valueString":"apply-contact"},{"url":"value","valueString":"true"}],"url":"http://hl7.org/fhir/tools/StructureDefinition/ig-parameter"},{"extension":[{"url":"code","valueString":"apply-context"},{"url":"value","valueString":"true"}],"url":"http://hl7.org/fhir/tools/StructureDefinition/ig-parameter"},{"extension":[{"url":"code","valueString":"apply-copyright"},{"url":"value","valueString":"true"}],"url":"http://hl7.org/fhir/tools/StructureDefinition/ig-parameter"},{"extension":[{"url":"code","valueString":"apply-jurisdiction"},{"url":"value","valueString":"true"}],"url":"http://hl7.org/fhir/tools/StructureDefinition/ig-parameter"},{"extension":[{"url":"code","valueString":"apply-license"},{"url":"value","valueString":"true"}],"url":"http://hl7.org/fhir/tools/StructureDefinition/ig-parameter"},{"extension":[{"url":"code","valueString":"apply-publisher"},{"url":"value","valueString":"true"}],"url":"http://hl7.org/fhir/tools/StructureDefinition/ig-parameter"},{"extension":[{"url":"code","valueString":"apply-version"},{"url":"value","valueString":"true"}],"url":"http://hl7.org/fhir/tools/StructureDefinition/ig-parameter"},{"extension":[{"url":"code","valueString":"active-tables"},{"url":"value","valueString":"true"}],"url":"http://hl7.org/fhir/tools/StructureDefinition/ig-parameter"},{"extension":[{"url":"code","valueString":"fmm-definition"},{"url":"value","valueString":"http://hl7.org/fhir/versions.html#maturity"}],"url":"http://hl7.org/fhir/tools/StructureDefinition/ig-parameter"},{"extension":[{"url":"code","valueString":"propagate-status"},{"url":"value","valueString":"true"}],"url":"http://hl7.org/fhir/tools/StructureDefinition/ig-parameter"},{"extension":[{"url":"code","valueString":"excludelogbinaryformat"},{"url":"value","valueString":"true"}],"url":"http://hl7.org/fhir/tools/StructureDefinition/ig-parameter"},{"extension":[{"url":"code","valueString":"tabbed-snapshots"},{"url":"value","valueString":"true"}],"url":"http://hl7.org/fhir/tools/StructureDefinition/ig-parameter"},{"extension":[{"url":"code","valueString":"copyrightyear"},{"url":"value","valueString":"2021+"}],"url":"http://hl7.org/fhir/tools/StructureDefinition/ig-parameter"},{"extension":[{"url":"code","valueString":"releaselabel"},{"url":"value","valueString":"ci-build"}],"url":"http://hl7.org/fhir/tools/StructureDefinition/ig-parameter"},{"extension":[{"url":"code","valueString":"autoload-resources"},{"url":"value","valueString":"true"}],"url":"http://hl7.org/fhir/tools/StructureDefinition/ig-parameter"},{"extension":[{"url":"code","valueString":"path-liquid"},{"url":"value","valueString":"template/liquid"}],"url":"http://hl7.org/fhir/tools/StructureDefinition/ig-parameter"},{"extension":[{"url":"code","valueString":"path-liquid"},{"url":"value","valueString":"input/liquid"}],"url":"http://hl7.org/fhir/tools/StructureDefinition/ig-parameter"},{"extension":[{"url":"code","valueString":"path-qa"},{"url":"value","valueString":"temp/qa"}],"url":"http://hl7.org/fhir/tools/StructureDefinition/ig-parameter"},{"extension":[{"url":"code","valueString":"path-temp"},{"url":"value","valueString":"temp/pages"}],"url":"http://hl7.org/fhir/tools/StructureDefinition/ig-parameter"},{"extension":[{"url":"code","valueString":"path-output"},{"url":"value","valueString":"output"}],"url":"http://hl7.org/fhir/tools/StructureDefinition/ig-parameter"},{"extension":[{"url":"code","valueString":"path-suppressed-warnings"},{"url":"value","valueString":"input/ignoreWarnings.txt"}],"url":"http://hl7.org/fhir/tools/StructureDefinition/ig-parameter"},{"extension":[{"url":"code","valueString":"path-history"},{"url":"value","valueString":"https://gitlab.mitre.org/awatson/us-state-profiles/history.html"}],"url":"http://hl7.org/fhir/tools/StructureDefinition/ig-parameter"},{"extension":[{"url":"code","valueString":"template-html"},{"url":"value","valueString":"template-page.html"}],"url":"http://hl7.org/fhir/tools/StructureDefinition/ig-parameter"},{"extension":[{"url":"code","valueString":"template-md"},{"url":"value","valueString":"template-page-md.html"}],"url":"http://hl7.org/fhir/tools/StructureDefinition/ig-parameter"},{"extension":[{"url":"code","valueString":"apply-contact"},{"url":"value","valueString":"true"}],"url":"http://hl7.org/fhir/tools/StructureDefinition/ig-parameter"},{"extension":[{"url":"code","valueString":"apply-context"},{"url":"value","valueString":"true"}],"url":"http://hl7.org/fhir/tools/StructureDefinition/ig-parameter"},{"extension":[{"url":"code","valueString":"apply-copyright"},{"url":"value","valueString":"true"}],"url":"http://hl7.org/fhir/tools/StructureDefinition/ig-parameter"},{"extension":[{"url":"code","valueString":"apply-jurisdiction"},{"url":"value","valueString":"true"}],"url":"http://hl7.org/fhir/tools/StructureDefinition/ig-parameter"},{"extension":[{"url":"code","valueString":"apply-license"},{"url":"value","valueString":"true"}],"url":"http://hl7.org/fhir/tools/StructureDefinition/ig-parameter"},{"extension":[{"url":"code","valueString":"apply-publisher"},{"url":"value","valueString":"true"}],"url":"http://hl7.org/fhir/tools/StructureDefinition/ig-parameter"},{"extension":[{"url":"code","valueString":"apply-version"},{"url":"value","valueString":"true"}],"url":"http://hl7.org/fhir/tools/StructureDefinition/ig-parameter"},{"extension":[{"url":"code","valueString":"active-tables"},{"url":"value","valueString":"true"}],"url":"http://hl7.org/fhir/tools/StructureDefinition/ig-parameter"},{"extension":[{"url":"code","valueString":"fmm-definition"},{"url":"value","valueString":"http://hl7.org/fhir/versions.html#maturity"}],"url":"http://hl7.org/fhir/tools/StructureDefinition/ig-parameter"},{"extension":[{"url":"code","valueString":"propagate-status"},{"url":"value","valueString":"true"}],"url":"http://hl7.org/fhir/tools/StructureDefinition/ig-parameter"},{"extension":[{"url":"code","valueString":"excludelogbinaryformat"},{"url":"value","valueString":"true"}],"url":"http://hl7.org/fhir/tools/StructureDefinition/ig-parameter"},{"extension":[{"url":"code","valueString":"tabbed-snapshots"},{"url":"value","valueString":"true"}],"url":"http://hl7.org/fhir/tools/StructureDefinition/ig-parameter"},{"extension":[{"url":"code","valueString":"copyrightyear"},{"url":"value","valueString":"2021+"}],"url":"http://hl7.org/fhir/tools/StructureDefinition/ig-parameter"},{"extension":[{"url":"code","valueString":"releaselabel"},{"url":"value","valueString":"ci-build"}],"url":"http://hl7.org/fhir/tools/StructureDefinition/ig-parameter"},{"extension":[{"url":"code","valueString":"autoload-resources"},{"url":"value","valueString":"true"}],"url":"http://hl7.org/fhir/tools/StructureDefinition/ig-parameter"},{"extension":[{"url":"code","valueString":"path-liquid"},{"url":"value","valueString":"template/liquid"}],"url":"http://hl7.org/fhir/tools/StructureDefinition/ig-parameter"},{"extension":[{"url":"code","valueString":"path-liquid"},{"url":"value","valueString":"input/liquid"}],"url":"http://hl7.org/fhir/tools/StructureDefinition/ig-parameter"},{"extension":[{"url":"code","valueString":"path-qa"},{"url":"value","valueString":"temp/qa"}],"url":"http://hl7.org/fhir/tools/StructureDefinition/ig-parameter"},{"extension":[{"url":"code","valueString":"path-temp"},{"url":"value","valueString":"temp/pages"}],"url":"http://hl7.org/fhir/tools/StructureDefinition/ig-parameter"},{"extension":[{"url":"code","valueString":"path-output"},{"url":"value","valueString":"output"}],"url":"http://hl7.org/fhir/tools/StructureDefinition/ig-parameter"},{"extension":[{"url":"code","valueString":"path-suppressed-warnings"},{"url":"value","valueString":"input/ignoreWarnings.txt"}],"url":"http://hl7.org/fhir/tools/StructureDefinition/ig-parameter"},{"extension":[{"url":"code","valueString":"path-history"},{"url":"value","valueString":"https://gitlab.mitre.org/awatson/us-state-profiles/history.html"}],"url":"http://hl7.org/fhir/tools/StructureDefinition/ig-parameter"},{"extension":[{"url":"code","valueString":"template-html"},{"url":"value","valueString":"template-page.html"}],"url":"http://hl7.org/fhir/tools/StructureDefinition/ig-parameter"},{"extension":[{"url":"code","valueString":"template-md"},{"url":"value","valueString":"template-page-md.html"}],"url":"http://hl7.org/fhir/tools/StructureDefinition/ig-parameter"},{"extension":[{"url":"code","valueString":"apply-contact"},{"url":"value","valueString":"true"}],"url":"http://hl7.org/fhir/tools/StructureDefinition/ig-parameter"},{"extension":[{"url":"code","valueString":"apply-context"},{"url":"value","valueString":"true"}],"url":"http://hl7.org/fhir/tools/StructureDefinition/ig-parameter"},{"extension":[{"url":"code","valueString":"apply-copyright"},{"url":"value","valueString":"true"}],"url":"http://hl7.org/fhir/tools/StructureDefinition/ig-parameter"},{"extension":[{"url":"code","valueString":"apply-jurisdiction"},{"url":"value","valueString":"true"}],"url":"http://hl7.org/fhir/tools/StructureDefinition/ig-parameter"},{"extension":[{"url":"code","valueString":"apply-license"},{"url":"value","valueString":"true"}],"url":"http://hl7.org/fhir/tools/StructureDefinition/ig-parameter"},{"extension":[{"url":"code","valueString":"apply-publisher"},{"url":"value","valueString":"true"}],"url":"http://hl7.org/fhir/tools/StructureDefinition/ig-parameter"},{"extension":[{"url":"code","valueString":"apply-version"},{"url":"value","valueString":"true"}],"url":"http://hl7.org/fhir/tools/StructureDefinition/ig-parameter"},{"extension":[{"url":"code","valueString":"active-tables"},{"url":"value","valueString":"true"}],"url":"http://hl7.org/fhir/tools/StructureDefinition/ig-parameter"},{"extension":[{"url":"code","valueString":"fmm-definition"},{"url":"value","valueString":"http://hl7.org/fhir/versions.html#maturity"}],"url":"http://hl7.org/fhir/tools/StructureDefinition/ig-parameter"},{"extension":[{"url":"code","valueString":"propagate-status"},{"url":"value","valueString":"true"}],"url":"http://hl7.org/fhir/tools/StructureDefinition/ig-parameter"},{"extension":[{"url":"code","valueString":"excludelogbinaryformat"},{"url":"value","valueString":"true"}],"url":"http://hl7.org/fhir/tools/StructureDefinition/ig-parameter"},{"extension":[{"url":"code","valueString":"tabbed-snapshots"},{"url":"value","valueString":"true"}],"url":"http://hl7.org/fhir/tools/StructureDefinition/ig-parameter"}],"grouping":[{"id":"-str-profile","name":"Structures: Resource Profiles","description":"These define constraints on FHIR resources for systems conforming to this implementation guide"},{"id":"-term-valueset","name":"Terminology: Value Sets","description":"These define sets of codes used by systems conforming to this implementation guide"},{"id":"-term-codesystem","name":"Terminology: Code Systems","description":"These define new code systems used by systems conforming to this implementation guide"}],"resource":[{"extension":[{"url":"http://hl7.org/fhir/StructureDefinition/implementationguide-page","valueUri":"StructureDefinition-alabama-consent-profile.html"}],"reference":{"reference":"StructureDefinition/alabama-consent-profile"},"name":"AlabamaConsentProfile","description":"Alabama consent profile.","exampleBoolean":false,"groupingId":"-str-profile"},{"extension":[{"url":"http://hl7.org/fhir/StructureDefinition/implementationguide-page","valueUri":"StructureDefinition-alaska-consent-profile.html"}],"reference":{"reference":"StructureDefinition/alaska-consent-profile"},"name":"AlaskaConsentProfile","description":"Alaska consent profile.","exampleBoolean":false,"groupingId":"-str-profile"},{"extension":[{"url":"http://hl7.org/fhir/StructureDefinition/implementationguide-page","valueUri":"StructureDefinition-arizona-consent-profile.html"}],"reference":{"reference":"StructureDefinition/arizona-consent-profile"},"name":"ArizonaConsentProfile","description":"Arizona consent profile.","exampleBoolean":false,"groupingId":"-str-profile"},{"extension":[{"url":"http://hl7.org/fhir/StructureDefinition/implementationguide-page","valueUri":"StructureDefinition-arkansas-consent-profile.html"}],"reference":{"reference":"StructureDefinition/arkansas-consent-profile"},"name":"ArkansasConsentProfile","description":"Arkansas consent profile.","exampleBoolean":false,"groupingId":"-str-profile"},{"extension":[{"url":"http://hl7.org/fhir/StructureDefinition/implementationguide-page","valueUri":"StructureDefinition-base-consent-profile.html"}],"reference":{"reference":"StructureDefinition/base-consent-profile"},"name":"BaseConsentProfile","description":"Base consent profile.","exampleBoolean":false,"groupingId":"-str-profile"},{"extension":[{"url":"http://hl7.org/fhir/StructureDefinition/implementationguide-page","valueUri":"StructureDefinition-california-consent-profile.html"}],"reference":{"reference":"StructureDefinition/california-consent-profile"},"name":"CaliforniaConsentProfile","description":"California consent profile.","exampleBoolean":false,"groupingId":"-str-profile"},{"extension":[{"url":"http://hl7.org/fhir/StructureDefinition/implementationguide-page","valueUri":"StructureDefinition-colorado-consent-profile.html"}],"reference":{"reference":"StructureDefinition/colorado-consent-profile"},"name":"ColoradoConsentProfile","description":"Colorado consent profile.","exampleBoolean":false,"groupingId":"-str-profile"},{"extension":[{"url":"http://hl7.org/fhir/StructureDefinition/implementationguide-page","valueUri":"StructureDefinition-connecticut-consent-profile.html"}],"reference":{"reference":"StructureDefinition/connecticut-consent-profile"},"name":"ConnecticutConsentProfile","description":"Connecticut consent profile.","exampleBoolean":false,"groupingId":"-str-profile"},{"extension":[{"url":"http://hl7.org/fhir/StructureDefinition/implementationguide-page","valueUri":"StructureDefinition-delaware-consent-profile.html"}],"reference":{"reference":"StructureDefinition/delaware-consent-profile"},"name":"DelawareConsentProfile","description":"Delaware consent profile.","exampleBoolean":false,"groupingId":"-str-profile"},{"extension":[{"url":"http://hl7.org/fhir/StructureDefinition/implementationguide-page","valueUri":"StructureDefinition-district-of-columbia-consent-profile.html"}],"reference":{"reference":"StructureDefinition/district-of-columbia-consent-profile"},"name":"DistrictOfColumbiaConsentProfile","description":"District Of Columbia consent profile.","exampleBoolean":false,"groupingId":"-str-profile"},{"extension":[{"url":"http://hl7.org/fhir/StructureDefinition/implementationguide-page","valueUri":"StructureDefinition-florida-consent-profile.html"}],"reference":{"reference":"StructureDefinition/florida-consent-profile"},"name":"FloridaConsentProfile","description":"Florida consent profile.","exampleBoolean":false,"groupingId":"-str-profile"},{"extension":[{"url":"http://hl7.org/fhir/StructureDefinition/implementationguide-page","valueUri":"StructureDefinition-georgia-consent-profile.html"}],"reference":{"reference":"StructureDefinition/georgia-consent-profile"},"name":"GeorgiaConsentProfile","description":"Georgia consent profile.","exampleBoolean":false,"groupingId":"-str-profile"},{"extension":[{"url":"http://hl7.org/fhir/StructureDefinition/implementationguide-page","valueUri":"StructureDefinition-hawaii-consent-profile.html"}],"reference":{"reference":"StructureDefinition/hawaii-consent-profile"},"name":"HawaiiConsentProfile","description":"Hawaii consent profile.","exampleBoolean":false,"groupingId":"-str-profile"},{"extension":[{"url":"http://hl7.org/fhir/StructureDefinition/implementationguide-page","valueUri":"StructureDefinition-idaho-consent-profile.html"}],"reference":{"reference":"StructureDefinition/idaho-consent-profile"},"name":"IdahoConsentProfile","description":"Idaho consent profile.","exampleBoolean":false,"groupingId":"-str-profile"},{"extension":[{"url":"http://hl7.org/fhir/StructureDefinition/implementationguide-page","valueUri":"StructureDefinition-illinois-consent-profile.html"}],"reference":{"reference":"StructureDefinition/illinois-consent-profile"},"name":"IllinoisConsentProfile","description":"Illinois consent profile.","exampleBoolean":false,"groupingId":"-str-profile"},{"extension":[{"url":"http://hl7.org/fhir/StructureDefinition/implementationguide-page","valueUri":"StructureDefinition-indiana-consent-profile.html"}],"reference":{"reference":"StructureDefinition/indiana-consent-profile"},"name":"IndianaConsentProfile","description":"Indiana consent profile.","exampleBoolean":false,"groupingId":"-str-profile"},{"extension":[{"url":"http://hl7.org/fhir/StructureDefinition/implementationguide-page","valueUri":"StructureDefinition-iowa-consent-profile.html"}],"reference":{"reference":"StructureDefinition/iowa-consent-profile"},"name":"IowaConsentProfile","description":"Iowa consent profile.","exampleBoolean":false,"groupingId":"-str-profile"},{"extension":[{"url":"http://hl7.org/fhir/StructureDefinition/implementationguide-page","valueUri":"StructureDefinition-kansas-consent-profile.html"}],"reference":{"reference":"StructureDefinition/kansas-consent-profile"},"name":"KansasConsentProfile","description":"Kansas consent profile.","exampleBoolean":false,"groupingId":"-str-profile"},{"extension":[{"url":"http://hl7.org/fhir/StructureDefinition/implementationguide-page","valueUri":"StructureDefinition-kentucky-consent-profile.html"}],"reference":{"reference":"StructureDefinition/kentucky-consent-profile"},"name":"KentuckyConsentProfile","description":"Kentucky consent profile.","exampleBoolean":false,"groupingId":"-str-profile"},{"extension":[{"url":"http://hl7.org/fhir/StructureDefinition/implementationguide-page","valueUri":"StructureDefinition-louisiana-consent-profile.html"}],"reference":{"reference":"StructureDefinition/louisiana-consent-profile"},"name":"LouisianaConsentProfile","description":"Louisiana consent profile.","exampleBoolean":false,"groupingId":"-str-profile"},{"extension":[{"url":"http://hl7.org/fhir/StructureDefinition/implementationguide-page","valueUri":"StructureDefinition-maine-consent-profile.html"}],"reference":{"reference":"StructureDefinition/maine-consent-profile"},"name":"MaineConsentProfile","description":"Maine consent profile.","exampleBoolean":false,"groupingId":"-str-profile"},{"extension":[{"url":"http://hl7.org/fhir/StructureDefinition/implementationguide-page","valueUri":"StructureDefinition-maryland-consent-profile.html"}],"reference":{"reference":"StructureDefinition/maryland-consent-profile"},"name":"MarylandConsentProfile","description":"Maryland consent profile.","exampleBoolean":false,"groupingId":"-str-profile"},{"extension":[{"url":"http://hl7.org/fhir/StructureDefinition/implementationguide-page","valueUri":"StructureDefinition-massachusetts-consent-profile.html"}],"reference":{"reference":"StructureDefinition/massachusetts-consent-profile"},"name":"MassachusettsConsentProfile","description":"Massachusetts consent profile.","exampleBoolean":false,"groupingId":"-str-profile"},{"extension":[{"url":"http://hl7.org/fhir/StructureDefinition/implementationguide-page","valueUri":"StructureDefinition-michigan-consent-profile.html"}],"reference":{"reference":"StructureDefinition/michigan-consent-profile"},"name":"MichiganConsentProfile","description":"Michigan consent profile.","exampleBoolean":false,"groupingId":"-str-profile"},{"extension":[{"url":"http://hl7.org/fhir/StructureDefinition/implementationguide-page","valueUri":"StructureDefinition-minnesota-consent-profile.html"}],"reference":{"reference":"StructureDefinition/minnesota-consent-profile"},"name":"MinnesotaConsentProfile","description":"Minnesota consent profile.","exampleBoolean":false,"groupingId":"-str-profile"},{"extension":[{"url":"http://hl7.org/fhir/StructureDefinition/implementationguide-page","valueUri":"StructureDefinition-mississippi-consent-profile.html"}],"reference":{"reference":"StructureDefinition/mississippi-consent-profile"},"name":"MississippiConsentProfile","description":"Mississippi consent profile.","exampleBoolean":false,"groupingId":"-str-profile"},{"extension":[{"url":"http://hl7.org/fhir/StructureDefinition/implementationguide-page","valueUri":"StructureDefinition-missouri-consent-profile.html"}],"reference":{"reference":"StructureDefinition/missouri-consent-profile"},"name":"MissouriConsentProfile","description":"Missouri consent profile.","exampleBoolean":false,"groupingId":"-str-profile"},{"extension":[{"url":"http://hl7.org/fhir/StructureDefinition/implementationguide-page","valueUri":"StructureDefinition-montana-consent-profile.html"}],"reference":{"reference":"StructureDefinition/montana-consent-profile"},"name":"MontanaConsentProfile","description":"Montana consent profile.","exampleBoolean":false,"groupingId":"-str-profile"},{"extension":[{"url":"http://hl7.org/fhir/StructureDefinition/implementationguide-page","valueUri":"StructureDefinition-nebraska-consent-profile.html"}],"reference":{"reference":"StructureDefinition/nebraska-consent-profile"},"name":"NebraskaConsentProfile","description":"Nebraska consent profile.","exampleBoolean":false,"groupingId":"-str-profile"},{"extension":[{"url":"http://hl7.org/fhir/StructureDefinition/implementationguide-page","valueUri":"StructureDefinition-nevada-consent-profile.html"}],"reference":{"reference":"StructureDefinition/nevada-consent-profile"},"name":"NevadaConsentProfile","description":"Nevada consent profile.","exampleBoolean":false,"groupingId":"-str-profile"},{"extension":[{"url":"http://hl7.org/fhir/StructureDefinition/implementationguide-page","valueUri":"StructureDefinition-new-hampshire-consent-profile.html"}],"reference":{"reference":"StructureDefinition/new-hampshire-consent-profile"},"name":"NewHampshireConsentProfile","description":"New Hampshire consent profile.","exampleBoolean":false,"groupingId":"-str-profile"},{"extension":[{"url":"http://hl7.org/fhir/StructureDefinition/implementationguide-page","valueUri":"StructureDefinition-new-jersey-consent-profile.html"}],"reference":{"reference":"StructureDefinition/new-jersey-consent-profile"},"name":"NewJerseyConsentProfile","description":"New Jersey consent profile.","exampleBoolean":false,"groupingId":"-str-profile"},{"extension":[{"url":"http://hl7.org/fhir/StructureDefinition/implementationguide-page","valueUri":"StructureDefinition-new-mexico-consent-profile.html"}],"reference":{"reference":"StructureDefinition/new-mexico-consent-profile"},"name":"NewMexicoConsentProfile","description":"New Mexico consent profile.","exampleBoolean":false,"groupingId":"-str-profile"},{"extension":[{"url":"http://hl7.org/fhir/StructureDefinition/implementationguide-page","valueUri":"StructureDefinition-new-york-consent-profile.html"}],"reference":{"reference":"StructureDefinition/new-york-consent-profile"},"name":"NewYorkConsentProfile","description":"New York consent profile.","exampleBoolean":false,"groupingId":"-str-profile"},{"extension":[{"url":"http://hl7.org/fhir/StructureDefinition/implementationguide-page","valueUri":"StructureDefinition-north-carolina-consent-profile.html"}],"reference":{"reference":"StructureDefinition/north-carolina-consent-profile"},"name":"NorthCarolinaConsentProfile","description":"NorthCarolina consent profile.","exampleBoolean":false,"groupingId":"-str-profile"},{"extension":[{"url":"http://hl7.org/fhir/StructureDefinition/implementationguide-page","valueUri":"StructureDefinition-north-dakota-consent-profile.html"}],"reference":{"reference":"StructureDefinition/north-dakota-consent-profile"},"name":"NorthDakotaConsentProfile","description":"North Dakota consent profile.","exampleBoolean":false,"groupingId":"-str-profile"},{"extension":[{"url":"http://hl7.org/fhir/StructureDefinition/implementationguide-page","valueUri":"StructureDefinition-ohio-consent-profile.html"}],"reference":{"reference":"StructureDefinition/ohio-consent-profile"},"name":"OhioConsentProfile","description":"Ohio consent profile.","exampleBoolean":false,"groupingId":"-str-profile"},{"extension":[{"url":"http://hl7.org/fhir/StructureDefinition/implementationguide-page","valueUri":"StructureDefinition-oklahoma-consent-profile.html"}],"reference":{"reference":"StructureDefinition/oklahoma-consent-profile"},"name":"OklahomaConsentProfile","description":"Oklahoma consent profile.","exampleBoolean":false,"groupingId":"-str-profile"},{"extension":[{"url":"http://hl7.org/fhir/StructureDefinition/implementationguide-page","valueUri":"StructureDefinition-oregon-consent-profile.html"}],"reference":{"reference":"StructureDefinition/oregon-consent-profile"},"name":"OregonConsentProfile","description":"Oregon consent profile.","exampleBoolean":false,"groupingId":"-str-profile"},{"extension":[{"url":"http://hl7.org/fhir/StructureDefinition/implementationguide-page","valueUri":"StructureDefinition-pennsylvania-consent-profile.html"}],"reference":{"reference":"StructureDefinition/pennsylvania-consent-profile"},"name":"PennsylvaniaConsentProfile","description":"Pennsylvania consent profile.","exampleBoolean":false,"groupingId":"-str-profile"},{"extension":[{"url":"http://hl7.org/fhir/StructureDefinition/implementationguide-page","valueUri":"StructureDefinition-rhode-island-consent-profile.html"}],"reference":{"reference":"StructureDefinition/rhode-island-consent-profile"},"name":"RhodeIslandConsentProfile","description":"Rhode Island consent profile.","exampleBoolean":false,"groupingId":"-str-profile"},{"extension":[{"url":"http://hl7.org/fhir/StructureDefinition/implementationguide-page","valueUri":"StructureDefinition-south-carolina-consent-profile.html"}],"reference":{"reference":"StructureDefinition/south-carolina-consent-profile"},"name":"SouthCarolinaConsentProfile","description":"South Carolina consent profile.","exampleBoolean":false,"groupingId":"-str-profile"},{"extension":[{"url":"http://hl7.org/fhir/StructureDefinition/implementationguide-page","valueUri":"StructureDefinition-south-dakota-consent-profile.html"}],"reference":{"reference":"StructureDefinition/south-dakota-consent-profile"},"name":"SouthDakotaConsentProfile","description":"South Dakota consent profile.","exampleBoolean":false,"groupingId":"-str-profile"},{"extension":[{"url":"http://hl7.org/fhir/StructureDefinition/implementationguide-page","valueUri":"StructureDefinition-tennessee-consent-profile.html"}],"reference":{"reference":"StructureDefinition/tennessee-consent-profile"},"name":"TennesseeConsentProfile","description":"Tennessee consent profile.","exampleBoolean":false,"groupingId":"-str-profile"},{"extension":[{"url":"http://hl7.org/fhir/StructureDefinition/implementationguide-page","valueUri":"StructureDefinition-texas-consent-profile.html"}],"reference":{"reference":"StructureDefinition/texas-consent-profile"},"name":"TexasConsentProfile","description":"Texas consent profile.","exampleBoolean":false,"groupingId":"-str-profile"},{"extension":[{"url":"http://hl7.org/fhir/StructureDefinition/implementationguide-page","valueUri":"StructureDefinition-utah-consent-profile.html"}],"reference":{"reference":"StructureDefinition/utah-consent-profile"},"name":"UtahConsentProfile","description":"Utah consent profile.","exampleBoolean":false,"groupingId":"-str-profile"},{"extension":[{"url":"http://hl7.org/fhir/StructureDefinition/implementationguide-page","valueUri":"StructureDefinition-vermont-consent-profile.html"}],"reference":{"reference":"StructureDefinition/vermont-consent-profile"},"name":"VermontConsentProfile","description":"Vermont consent profile.","exampleBoolean":false,"groupingId":"-str-profile"},{"extension":[{"url":"http://hl7.org/fhir/StructureDefinition/implementationguide-page","valueUri":"StructureDefinition-virginia-consent-profile.html"}],"reference":{"reference":"StructureDefinition/virginia-consent-profile"},"name":"VirginiaConsentProfile","description":"Virginia consent profile.","exampleBoolean":false,"groupingId":"-str-profile"},{"extension":[{"url":"http://hl7.org/fhir/StructureDefinition/implementationguide-page","valueUri":"StructureDefinition-washington-consent-profile.html"}],"reference":{"reference":"StructureDefinition/washington-consent-profile"},"name":"WashingtonConsentProfile","description":"Washington consent profile.","exampleBoolean":false,"groupingId":"-str-profile"},{"extension":[{"url":"http://hl7.org/fhir/StructureDefinition/implementationguide-page","valueUri":"StructureDefinition-west-virginia-consent-profile.html"}],"reference":{"reference":"StructureDefinition/west-virginia-consent-profile"},"name":"WestVirginiaConsentProfile","description":"West Virginia consent profile.","exampleBoolean":false,"groupingId":"-str-profile"},{"extension":[{"url":"http://hl7.org/fhir/StructureDefinition/implementationguide-page","valueUri":"ValueSet-consent-exchange-category-codes.html"}],"reference":{"reference":"ValueSet/consent-exchange-category-codes"},"name":"ConsentExchangeCategoryCodes","description":"Consent Exchange - Category Codes","exampleBoolean":false,"groupingId":"-term-valueset"},{"extension":[{"url":"http://hl7.org/fhir/StructureDefinition/implementationguide-page","valueUri":"ValueSet-ConsentExchangePolicies.html"}],"reference":{"reference":"ValueSet/ConsentExchangePolicies"},"name":"ConsentExchangePolicies","description":"Consent Exchange - Policies","exampleBoolean":false,"groupingId":"-term-valueset"},{"extension":[{"url":"http://hl7.org/fhir/StructureDefinition/implementationguide-page","valueUri":"ValueSet-ConsentExchangeRelations.html"}],"reference":{"reference":"ValueSet/ConsentExchangeRelations"},"name":"ConsentExchangeRelations","description":"Consent Exchange - Relationships","exampleBoolean":false,"groupingId":"-term-valueset"},{"extension":[{"url":"http://hl7.org/fhir/StructureDefinition/implementationguide-page","valueUri":"ValueSet-consent-exchange-scope-codes.html"}],"reference":{"reference":"ValueSet/consent-exchange-scope-codes"},"name":"ConsentExchangeScopeCodes","description":"Consent Exchange - Scope Codes","exampleBoolean":false,"groupingId":"-term-valueset"},{"extension":[{"url":"http://hl7.org/fhir/StructureDefinition/implementationguide-page","valueUri":"CodeSystem-CmsInteroperabilityPolicyCodes.html"}],"reference":{"reference":"CodeSystem/CmsInteroperabilityPolicyCodes"},"name":"CmsInteroperabilityPolicyCodes","description":"Policy provisions defined under CMS-9115-F, CMS Interoperability and Patient Access final rule","exampleBoolean":false,"groupingId":"-term-codesystem"},{"extension":[{"url":"http://hl7.org/fhir/StructureDefinition/implementationguide-page","valueUri":"CodeSystem-ConsentExchangeRelationships.html"}],"reference":{"reference":"CodeSystem/ConsentExchangeRelationships"},"name":"ConsentExchangeRelationships","description":"Relationships used to model and exchange consent relationships","exampleBoolean":false,"groupingId":"-term-codesystem"},{"extension":[{"url":"http://hl7.org/fhir/StructureDefinition/implementationguide-page","valueUri":"CodeSystem-PayorToPayorExchangePolicyCodes.html"}],"reference":{"reference":"CodeSystem/PayorToPayorExchangePolicyCodes"},"name":"PayorToPayorExchangePolicyCodes","description":"Policy codes used to define legal frameworks under which consent exchange occurs between payors.","exampleBoolean":false,"groupingId":"-term-codesystem"}],"page":{"extension":[{"url":"http://hl7.org/fhir/tools/StructureDefinition/ig-page-name","valueUrl":"toc.html"}],"nameUrl":"toc.html","title":"Table of Contents","generation":"html","page":[{"extension":[{"url":"http://hl7.org/fhir/tools/StructureDefinition/ig-page-name","valueUrl":"index.html"}],"nameUrl":"index.html","title":"US State Interoperability Profiles","generation":"markdown"},{"extension":[{"url":"http://hl7.org/fhir/tools/StructureDefinition/ig-page-name","valueUrl":"profiles.html"}],"nameUrl":"profiles.html","title":"Regional Profiles","generation":"markdown"},{"extension":[{"url":"http://hl7.org/fhir/tools/StructureDefinition/ig-page-name","valueUrl":"page-advanced-directives.html"}],"nameUrl":"page-advanced-directives.html","title":"Advanced Directives","generation":"markdown"},{"extension":[{"url":"http://hl7.org/fhir/tools/StructureDefinition/ig-page-name","valueUrl":"page-foster-care.html"}],"nameUrl":"page-foster-care.html","title":"Foster Care","generation":"markdown"},{"extension":[{"url":"http://hl7.org/fhir/tools/StructureDefinition/ig-page-name","valueUrl":"page-trans-sports.html"}],"nameUrl":"page-trans-sports.html","title":"Trans Sports Participation","generation":"markdown"},{"extension":[{"url":"http://hl7.org/fhir/tools/StructureDefinition/ig-page-name","valueUrl":"page-abortion.html"}],"nameUrl":"page-abortion.html","title":"Abortion","generation":"markdown"},{"extension":[{"url":"http://hl7.org/fhir/tools/StructureDefinition/ig-page-name","valueUrl":"page-controlled-substances.html"}],"nameUrl":"page-controlled-substances.html","title":"Controlled Substances","generation":"markdown"},{"extension":[{"url":"http://hl7.org/fhir/tools/StructureDefinition/ig-page-name","valueUrl":"page-religious-exemptions.html"}],"nameUrl":"page-religious-exemptions.html","title":"Religious Exemptions","generation":"markdown"},{"extension":[{"url":"http://hl7.org/fhir/tools/StructureDefinition/ig-page-name","valueUrl":"page-medicaid-expansion.html"}],"nameUrl":"page-medicaid-expansion.html","title":"Medicaid Expansion","generation":"markdown"},{"extension":[{"url":"http://hl7.org/fhir/tools/StructureDefinition/ig-page-name","valueUrl":"page-wpath-at-risk.html"}],"nameUrl":"page-wpath-at-risk.html","title":"WPATH At Risk","generation":"markdown"},{"extension":[{"url":"http://hl7.org/fhir/tools/StructureDefinition/ig-page-name","valueUrl":"artifacts.html"}],"nameUrl":"artifacts.html","title":"Artifacts Summary","generation":"html","page":[{"extension":[{"url":"http://hl7.org/fhir/tools/StructureDefinition/ig-page-name","valueUrl":"StructureDefinition-alabama-consent-profile.html"}],"nameUrl":"StructureDefinition-alabama-consent-profile.html","title":"AlabamaConsentProfile","generation":"generated"},{"extension":[{"url":"http://hl7.org/fhir/tools/StructureDefinition/ig-page-name","valueUrl":"StructureDefinition-alaska-consent-profile.html"}],"nameUrl":"StructureDefinition-alaska-consent-profile.html","title":"AlaskaConsentProfile","generation":"generated"},{"extension":[{"url":"http://hl7.org/fhir/tools/StructureDefinition/ig-page-name","valueUrl":"StructureDefinition-arizona-consent-profile.html"}],"nameUrl":"StructureDefinition-arizona-consent-profile.html","title":"ArizonaConsentProfile","generation":"generated"},{"extension":[{"url":"http://hl7.org/fhir/tools/StructureDefinition/ig-page-name","valueUrl":"StructureDefinition-arkansas-consent-profile.html"}],"nameUrl":"StructureDefinition-arkansas-consent-profile.html","title":"ArkansasConsentProfile","generation":"generated"},{"extension":[{"url":"http://hl7.org/fhir/tools/StructureDefinition/ig-page-name","valueUrl":"StructureDefinition-base-consent-profile.html"}],"nameUrl":"StructureDefinition-base-consent-profile.html","title":"BaseConsentProfile","generation":"generated"},{"extension":[{"url":"http://hl7.org/fhir/tools/StructureDefinition/ig-page-name","valueUrl":"StructureDefinition-california-consent-profile.html"}],"nameUrl":"StructureDefinition-california-consent-profile.html","title":"CaliforniaConsentProfile","generation":"generated"},{"extension":[{"url":"http://hl7.org/fhir/tools/StructureDefinition/ig-page-name","valueUrl":"StructureDefinition-colorado-consent-profile.html"}],"nameUrl":"StructureDefinition-colorado-consent-profile.html","title":"ColoradoConsentProfile","generation":"generated"},{"extension":[{"url":"http://hl7.org/fhir/tools/StructureDefinition/ig-page-name","valueUrl":"StructureDefinition-connecticut-consent-profile.html"}],"nameUrl":"StructureDefinition-connecticut-consent-profile.html","title":"ConnecticutConsentProfile","generation":"generated"},{"extension":[{"url":"http://hl7.org/fhir/tools/StructureDefinition/ig-page-name","valueUrl":"StructureDefinition-delaware-consent-profile.html"}],"nameUrl":"StructureDefinition-delaware-consent-profile.html","title":"DelawareConsentProfile","generation":"generated"},{"extension":[{"url":"http://hl7.org/fhir/tools/StructureDefinition/ig-page-name","valueUrl":"StructureDefinition-district-of-columbia-consent-profile.html"}],"nameUrl":"StructureDefinition-district-of-columbia-consent-profile.html","title":"DistrictOfColumbiaConsentProfile","generation":"generated"},{"extension":[{"url":"http://hl7.org/fhir/tools/StructureDefinition/ig-page-name","valueUrl":"StructureDefinition-florida-consent-profile.html"}],"nameUrl":"StructureDefinition-florida-consent-profile.html","title":"FloridaConsentProfile","generation":"generated"},{"extension":[{"url":"http://hl7.org/fhir/tools/StructureDefinition/ig-page-name","valueUrl":"StructureDefinition-georgia-consent-profile.html"}],"nameUrl":"StructureDefinition-georgia-consent-profile.html","title":"GeorgiaConsentProfile","generation":"generated"},{"extension":[{"url":"http://hl7.org/fhir/tools/StructureDefinition/ig-page-name","valueUrl":"StructureDefinition-hawaii-consent-profile.html"}],"nameUrl":"StructureDefinition-hawaii-consent-profile.html","title":"HawaiiConsentProfile","generation":"generated"},{"extension":[{"url":"http://hl7.org/fhir/tools/StructureDefinition/ig-page-name","valueUrl":"StructureDefinition-idaho-consent-profile.html"}],"nameUrl":"StructureDefinition-idaho-consent-profile.html","title":"IdahoConsentProfile","generation":"generated"},{"extension":[{"url":"http://hl7.org/fhir/tools/StructureDefinition/ig-page-name","valueUrl":"StructureDefinition-illinois-consent-profile.html"}],"nameUrl":"StructureDefinition-illinois-consent-profile.html","title":"IllinoisConsentProfile","generation":"generated"},{"extension":[{"url":"http://hl7.org/fhir/tools/StructureDefinition/ig-page-name","valueUrl":"StructureDefinition-indiana-consent-profile.html"}],"nameUrl":"StructureDefinition-indiana-consent-profile.html","title":"IndianaConsentProfile","generation":"generated"},{"extension":[{"url":"http://hl7.org/fhir/tools/StructureDefinition/ig-page-name","valueUrl":"StructureDefinition-iowa-consent-profile.html"}],"nameUrl":"StructureDefinition-iowa-consent-profile.html","title":"IowaConsentProfile","generation":"generated"},{"extension":[{"url":"http://hl7.org/fhir/tools/StructureDefinition/ig-page-name","valueUrl":"StructureDefinition-kansas-consent-profile.html"}],"nameUrl":"StructureDefinition-kansas-consent-profile.html","title":"KansasConsentProfile","generation":"generated"},{"extension":[{"url":"http://hl7.org/fhir/tools/StructureDefinition/ig-page-name","valueUrl":"StructureDefinition-kentucky-consent-profile.html"}],"nameUrl":"StructureDefinition-kentucky-consent-profile.html","title":"KentuckyConsentProfile","generation":"generated"},{"extension":[{"url":"http://hl7.org/fhir/tools/StructureDefinition/ig-page-name","valueUrl":"StructureDefinition-louisiana-consent-profile.html"}],"nameUrl":"StructureDefinition-louisiana-consent-profile.html","title":"LouisianaConsentProfile","generation":"generated"},{"extension":[{"url":"http://hl7.org/fhir/tools/StructureDefinition/ig-page-name","valueUrl":"StructureDefinition-maine-consent-profile.html"}],"nameUrl":"StructureDefinition-maine-consent-profile.html","title":"MaineConsentProfile","generation":"generated"},{"extension":[{"url":"http://hl7.org/fhir/tools/StructureDefinition/ig-page-name","valueUrl":"StructureDefinition-maryland-consent-profile.html"}],"nameUrl":"StructureDefinition-maryland-consent-profile.html","title":"MarylandConsentProfile","generation":"generated"},{"extension":[{"url":"http://hl7.org/fhir/tools/StructureDefinition/ig-page-name","valueUrl":"StructureDefinition-massachusetts-consent-profile.html"}],"nameUrl":"StructureDefinition-massachusetts-consent-profile.html","title":"MassachusettsConsentProfile","generation":"generated"},{"extension":[{"url":"http://hl7.org/fhir/tools/StructureDefinition/ig-page-name","valueUrl":"StructureDefinition-michigan-consent-profile.html"}],"nameUrl":"StructureDefinition-michigan-consent-profile.html","title":"MichiganConsentProfile","generation":"generated"},{"extension":[{"url":"http://hl7.org/fhir/tools/StructureDefinition/ig-page-name","valueUrl":"StructureDefinition-minnesota-consent-profile.html"}],"nameUrl":"StructureDefinition-minnesota-consent-profile.html","title":"MinnesotaConsentProfile","generation":"generated"},{"extension":[{"url":"http://hl7.org/fhir/tools/StructureDefinition/ig-page-name","valueUrl":"StructureDefinition-mississippi-consent-profile.html"}],"nameUrl":"StructureDefinition-mississippi-consent-profile.html","title":"MississippiConsentProfile","generation":"generated"},{"extension":[{"url":"http://hl7.org/fhir/tools/StructureDefinition/ig-page-name","valueUrl":"StructureDefinition-missouri-consent-profile.html"}],"nameUrl":"StructureDefinition-missouri-consent-profile.html","title":"MissouriConsentProfile","generation":"generated"},{"extension":[{"url":"http://hl7.org/fhir/tools/StructureDefinition/ig-page-name","valueUrl":"StructureDefinition-montana-consent-profile.html"}],"nameUrl":"StructureDefinition-montana-consent-profile.html","title":"MontanaConsentProfile","generation":"generated"},{"extension":[{"url":"http://hl7.org/fhir/tools/StructureDefinition/ig-page-name","valueUrl":"StructureDefinition-nebraska-consent-profile.html"}],"nameUrl":"StructureDefinition-nebraska-consent-profile.html","title":"NebraskaConsentProfile","generation":"generated"},{"extension":[{"url":"http://hl7.org/fhir/tools/StructureDefinition/ig-page-name","valueUrl":"StructureDefinition-nevada-consent-profile.html"}],"nameUrl":"StructureDefinition-nevada-consent-profile.html","title":"NevadaConsentProfile","generation":"generated"},{"extension":[{"url":"http://hl7.org/fhir/tools/StructureDefinition/ig-page-name","valueUrl":"StructureDefinition-new-hampshire-consent-profile.html"}],"nameUrl":"StructureDefinition-new-hampshire-consent-profile.html","title":"NewHampshireConsentProfile","generation":"generated"},{"extension":[{"url":"http://hl7.org/fhir/tools/StructureDefinition/ig-page-name","valueUrl":"StructureDefinition-new-jersey-consent-profile.html"}],"nameUrl":"StructureDefinition-new-jersey-consent-profile.html","title":"NewJerseyConsentProfile","generation":"generated"},{"extension":[{"url":"http://hl7.org/fhir/tools/StructureDefinition/ig-page-name","valueUrl":"StructureDefinition-new-mexico-consent-profile.html"}],"nameUrl":"StructureDefinition-new-mexico-consent-profile.html","title":"NewMexicoConsentProfile","generation":"generated"},{"extension":[{"url":"http://hl7.org/fhir/tools/StructureDefinition/ig-page-name","valueUrl":"StructureDefinition-new-york-consent-profile.html"}],"nameUrl":"StructureDefinition-new-york-consent-profile.html","title":"NewYorkConsentProfile","generation":"generated"},{"extension":[{"url":"http://hl7.org/fhir/tools/StructureDefinition/ig-page-name","valueUrl":"StructureDefinition-north-carolina-consent-profile.html"}],"nameUrl":"StructureDefinition-north-carolina-consent-profile.html","title":"NorthCarolinaConsentProfile","generation":"generated"},{"extension":[{"url":"http://hl7.org/fhir/tools/StructureDefinition/ig-page-name","valueUrl":"StructureDefinition-north-dakota-consent-profile.html"}],"nameUrl":"StructureDefinition-north-dakota-consent-profile.html","title":"NorthDakotaConsentProfile","generation":"generated"},{"extension":[{"url":"http://hl7.org/fhir/tools/StructureDefinition/ig-page-name","valueUrl":"StructureDefinition-ohio-consent-profile.html"}],"nameUrl":"StructureDefinition-ohio-consent-profile.html","title":"OhioConsentProfile","generation":"generated"},{"extension":[{"url":"http://hl7.org/fhir/tools/StructureDefinition/ig-page-name","valueUrl":"StructureDefinition-oklahoma-consent-profile.html"}],"nameUrl":"StructureDefinition-oklahoma-consent-profile.html","title":"OklahomaConsentProfile","generation":"generated"},{"extension":[{"url":"http://hl7.org/fhir/tools/StructureDefinition/ig-page-name","valueUrl":"StructureDefinition-oregon-consent-profile.html"}],"nameUrl":"StructureDefinition-oregon-consent-profile.html","title":"OregonConsentProfile","generation":"generated"},{"extension":[{"url":"http://hl7.org/fhir/tools/StructureDefinition/ig-page-name","valueUrl":"StructureDefinition-pennsylvania-consent-profile.html"}],"nameUrl":"StructureDefinition-pennsylvania-consent-profile.html","title":"PennsylvaniaConsentProfile","generation":"generated"},{"extension":[{"url":"http://hl7.org/fhir/tools/StructureDefinition/ig-page-name","valueUrl":"StructureDefinition-rhode-island-consent-profile.html"}],"nameUrl":"StructureDefinition-rhode-island-consent-profile.html","title":"RhodeIslandConsentProfile","generation":"generated"},{"extension":[{"url":"http://hl7.org/fhir/tools/StructureDefinition/ig-page-name","valueUrl":"StructureDefinition-south-carolina-consent-profile.html"}],"nameUrl":"StructureDefinition-south-carolina-consent-profile.html","title":"SouthCarolinaConsentProfile","generation":"generated"},{"extension":[{"url":"http://hl7.org/fhir/tools/StructureDefinition/ig-page-name","valueUrl":"StructureDefinition-south-dakota-consent-profile.html"}],"nameUrl":"StructureDefinition-south-dakota-consent-profile.html","title":"SouthDakotaConsentProfile","generation":"generated"},{"extension":[{"url":"http://hl7.org/fhir/tools/StructureDefinition/ig-page-name","valueUrl":"StructureDefinition-tennessee-consent-profile.html"}],"nameUrl":"StructureDefinition-tennessee-consent-profile.html","title":"TennesseeConsentProfile","generation":"generated"},{"extension":[{"url":"http://hl7.org/fhir/tools/StructureDefinition/ig-page-name","valueUrl":"StructureDefinition-texas-consent-profile.html"}],"nameUrl":"StructureDefinition-texas-consent-profile.html","title":"TexasConsentProfile","generation":"generated"},{"extension":[{"url":"http://hl7.org/fhir/tools/StructureDefinition/ig-page-name","valueUrl":"StructureDefinition-utah-consent-profile.html"}],"nameUrl":"StructureDefinition-utah-consent-profile.html","title":"UtahConsentProfile","generation":"generated"},{"extension":[{"url":"http://hl7.org/fhir/tools/StructureDefinition/ig-page-name","valueUrl":"StructureDefinition-vermont-consent-profile.html"}],"nameUrl":"StructureDefinition-vermont-consent-profile.html","title":"VermontConsentProfile","generation":"generated"},{"extension":[{"url":"http://hl7.org/fhir/tools/StructureDefinition/ig-page-name","valueUrl":"StructureDefinition-virginia-consent-profile.html"}],"nameUrl":"StructureDefinition-virginia-consent-profile.html","title":"VirginiaConsentProfile","generation":"generated"},{"extension":[{"url":"http://hl7.org/fhir/tools/StructureDefinition/ig-page-name","valueUrl":"StructureDefinition-washington-consent-profile.html"}],"nameUrl":"StructureDefinition-washington-consent-profile.html","title":"WashingtonConsentProfile","generation":"generated"},{"extension":[{"url":"http://hl7.org/fhir/tools/StructureDefinition/ig-page-name","valueUrl":"StructureDefinition-west-virginia-consent-profile.html"}],"nameUrl":"StructureDefinition-west-virginia-consent-profile.html","title":"WestVirginiaConsentProfile","generation":"generated"},{"extension":[{"url":"http://hl7.org/fhir/tools/StructureDefinition/ig-page-name","valueUrl":"ValueSet-consent-exchange-category-codes.html"}],"nameUrl":"ValueSet-consent-exchange-category-codes.html","title":"ConsentExchangeCategoryCodes","generation":"generated"},{"extension":[{"url":"http://hl7.org/fhir/tools/StructureDefinition/ig-page-name","valueUrl":"ValueSet-ConsentExchangePolicies.html"}],"nameUrl":"ValueSet-ConsentExchangePolicies.html","title":"ConsentExchangePolicies","generation":"generated"},{"extension":[{"url":"http://hl7.org/fhir/tools/StructureDefinition/ig-page-name","valueUrl":"ValueSet-ConsentExchangeRelations.html"}],"nameUrl":"ValueSet-ConsentExchangeRelations.html","title":"ConsentExchangeRelations","generation":"generated"},{"extension":[{"url":"http://hl7.org/fhir/tools/StructureDefinition/ig-page-name","valueUrl":"ValueSet-consent-exchange-scope-codes.html"}],"nameUrl":"ValueSet-consent-exchange-scope-codes.html","title":"ConsentExchangeScopeCodes","generation":"generated"},{"extension":[{"url":"http://hl7.org/fhir/tools/StructureDefinition/ig-page-name","valueUrl":"CodeSystem-CmsInteroperabilityPolicyCodes.html"}],"nameUrl":"CodeSystem-CmsInteroperabilityPolicyCodes.html","title":"CmsInteroperabilityPolicyCodes","generation":"generated"},{"extension":[{"url":"http://hl7.org/fhir/tools/StructureDefinition/ig-page-name","valueUrl":"CodeSystem-ConsentExchangeRelationships.html"}],"nameUrl":"CodeSystem-ConsentExchangeRelationships.html","title":"ConsentExchangeRelationships","generation":"generated"},{"extension":[{"url":"http://hl7.org/fhir/tools/StructureDefinition/ig-page-name","valueUrl":"CodeSystem-PayorToPayorExchangePolicyCodes.html"}],"nameUrl":"CodeSystem-PayorToPayorExchangePolicyCodes.html","title":"PayorToPayorExchangePolicyCodes","generation":"generated"}]}]},"parameter":[{"code":"path-resource","value":"input/capabilities"},{"code":"path-resource","value":"input/examples"},{"code":"path-resource","value":"input/extensions"},{"code":"path-resource","value":"input/models"},{"code":"path-resource","value":"input/operations"},{"code":"path-resource","value":"input/profiles"},{"code":"path-resource","value":"input/resources"},{"code":"path-resource","value":"input/vocabulary"},{"code":"path-resource","value":"input/maps"},{"code":"path-resource","value":"input/testing"},{"code":"path-resource","value":"input/history"},{"code":"path-resource","value":"fsh-generated/resources"},{"code":"path-pages","value":"template/config"},{"code":"path-pages","value":"input/images"},{"code":"path-tx-cache","value":"input-cache/txcache"}]}}