{
  "resourceType" : "Consent",
  "id" : "SouthCarolinaConsentProfile",
  "text" : {
    "status" : "generated",
    "div" : "<div xmlns=\"http://www.w3.org/1999/xhtml\"><p class=\"res-header-id\"><b>Generated Narrative: Consent SouthCarolinaConsentProfile</b></p><a name=\"SouthCarolinaConsentProfile\"> </a><a name=\"hcSouthCarolinaConsentProfile\"> </a><a name=\"SouthCarolinaConsentProfile-en-US\"> </a><p><b>status</b>: Active</p><p><b>scope</b>: <span title=\"Codes:{http://terminology.hl7.org/CodeSystem/consentscope patient-privacy}\">Privacy Consent</span></p><p><b>category</b>: <span title=\"Codes:{http://loinc.org 57017-6}\">Privacy policy Organization Document</span></p><p><b>dateTime</b>: 2024-01-29 17:24:05+0000</p><p><b>organization</b>: <a href=\"SC\">State of South Carolina</a></p><p><b>source</b>: </p><blockquote><p><b>provision</b></p><p><b>type</b>: Opt In</p><h3>Provisions</h3><table class=\"grid\"><tr><td style=\"display: none\">-</td><td><b>Type</b></td><td><b>Class</b></td><td><b>Code</b></td></tr><tr><td style=\"display: none\">*</td><td>Opt In</td><td><a href=\"http://hl7.org/fhir/R4/codesystem-resource-types.html#resource-types-Practitioner\">ResourceType</a> Practitioner: Practitioner</td><td><span title=\"Codes:{http://snomed.info/sct 443390004}\">Decline</span></td></tr><tr><td style=\"display: none\">*</td><td>Opt Out</td><td><a href=\"http://hl7.org/fhir/R4/codesystem-resource-types.html#resource-types-Medication\">ResourceType</a> Medication: Medication</td><td><span title=\"Codes:{http://www.nlm.nih.gov/research/umls/rxnorm rxcui#1484855}\">Cannabis</span></td></tr><tr><td style=\"display: none\">*</td><td>Opt Out</td><td><a href=\"http://hl7.org/fhir/R4/codesystem-resource-types.html#resource-types-Procedure\">ResourceType</a> Procedure: Procedure</td><td><span title=\"Codes:{http://snomed.info/sct 386639001}\">Abortion</span></td></tr><tr><td style=\"display: none\">*</td><td>Opt Out</td><td><a href=\"http://hl7.org/fhir/R4/codesystem-resource-types.html#resource-types-ActivityDefinition\">ResourceType</a> ActivityDefinition: ActivityDefinition</td><td><span title=\"Codes:{http://snomed.info/sct 14468000}\">Sports</span></td></tr><tr><td style=\"display: none\">*</td><td> </td><td> </td><td><span title=\"Codes:{http://snomed.info/sct 20461001}\">Swimming</span></td></tr><tr><td style=\"display: none\">*</td><td>Opt Out</td><td><a href=\"http://hl7.org/fhir/R4/codesystem-resource-types.html#resource-types-Procedure\">ResourceType</a> Procedure: Procedure</td><td><span title=\"Codes:{http://snomed.info/sct 266717002}, {http://snomed.info/sct 719670005}\">Pediatric Gender Medicine</span></td></tr></table></blockquote></div>"
  },
  "status" : "active",
  "scope" : {
    "coding" : [{
      "system" : "http://terminology.hl7.org/CodeSystem/consentscope",
      "code" : "patient-privacy",
      "display" : "Privacy Consent"
    }]
  },
  "category" : [{
    "coding" : [{
      "system" : "http://loinc.org",
      "code" : "57017-6",
      "display" : "Privacy policy Organization Document"
    }]
  }],
  "dateTime" : "2024-01-29T17:24:05.908Z",
  "organization" : [{
    "reference" : "SC",
    "display" : "State of South Carolina"
  }],
  "sourceAttachment" : {
    "title" : "The terms of the consent in lawyer speak.",
    "creation" : "2016-08-22"
  },
  "provision" : {
    "type" : "permit",
    "provision" : [{
      "type" : "permit",
      "class" : [{
        "system" : "http://hl7.org/fhir/resource-types",
        "code" : "Practitioner",
        "display" : "Practitioner"
      }],
      "code" : [{
        "coding" : [{
          "system" : "http://snomed.info/sct",
          "code" : "443390004",
          "display" : "Refused (qualifier value)"
        }],
        "text" : "Decline"
      }]
    },
    {
      "type" : "deny",
      "class" : [{
        "system" : "http://hl7.org/fhir/resource-types",
        "code" : "Medication",
        "display" : "Medication"
      }],
      "code" : [{
        "coding" : [{
          "system" : "http://www.nlm.nih.gov/research/umls/rxnorm",
          "code" : "rxcui#1484855",
          "display" : "Cannabis sativa subsp. flowering top extract"
        }],
        "text" : "Cannabis"
      }]
    },
    {
      "type" : "deny",
      "class" : [{
        "system" : "http://hl7.org/fhir/resource-types",
        "code" : "Procedure",
        "display" : "Procedure"
      }],
      "code" : [{
        "coding" : [{
          "system" : "http://snomed.info/sct",
          "code" : "386639001",
          "display" : "Termination of pregnancy (procedure)"
        }],
        "text" : "Abortion"
      }]
    },
    {
      "type" : "deny",
      "class" : [{
        "system" : "http://hl7.org/fhir/resource-types",
        "code" : "ActivityDefinition",
        "display" : "ActivityDefinition"
      }],
      "code" : [{
        "coding" : [{
          "system" : "http://snomed.info/sct",
          "code" : "14468000",
          "display" : "Sports activity (observable entity)"
        }],
        "text" : "Sports"
      }]
    },
    {
      "code" : [{
        "coding" : [{
          "system" : "http://snomed.info/sct",
          "code" : "20461001",
          "display" : "Swimming (qualifier value)"
        }],
        "text" : "Swimming"
      }]
    },
    {
      "type" : "deny",
      "class" : [{
        "system" : "http://hl7.org/fhir/resource-types",
        "code" : "Procedure",
        "display" : "Procedure"
      }],
      "code" : [{
        "coding" : [{
          "system" : "http://snomed.info/sct",
          "code" : "266717002",
          "display" : "Hormone replacement therapy (procedure)"
        },
        {
          "system" : "http://snomed.info/sct",
          "code" : "719670005",
          "display" : "Gender confirmation surgery (procedure)"
        }],
        "text" : "Pediatric Gender Medicine"
      }]
    }]
  }
}