{
  "resourceType" : "Consent",
  "id" : "RhodeIslandConsentProfile",
  "text" : {
    "status" : "generated",
    "div" : "<div xmlns=\"http://www.w3.org/1999/xhtml\"><p><b>Generated Narrative: Consent</b><a name=\"RhodeIslandConsentProfile\"> </a></p><div style=\"display: inline-block; background-color: #d9e0e7; padding: 6px; margin: 4px; border: 1px solid #8da1b4; border-radius: 5px; line-height: 60%\"><p style=\"margin-bottom: 0px\">Resource Consent &quot;RhodeIslandConsentProfile&quot; </p></div><p><b>status</b>: active</p><p><b>scope</b>: Privacy Consent <span style=\"background: LightGoldenRodYellow; margin: 4px; border: 1px solid khaki\"> (<a href=\"http://terminology.hl7.org/5.5.0/CodeSystem-consentscope.html\">Consent Scope Codes</a>#patient-privacy)</span></p><p><b>category</b>: Privacy policy Organization Document <span style=\"background: LightGoldenRodYellow; margin: 4px; border: 1px solid khaki\"> (<a href=\"https://loinc.org/\">LOINC</a>#57017-6)</span></p><p><b>dateTime</b>: 2024-01-29 17:11:31+0000</p><p><b>organization</b>: <a href=\"RI\">RI: State of Rhode Island</a></p><p><b>source</b>: </p><blockquote><p><b>provision</b></p><p><b>type</b>: permit</p><h3>Provisions</h3><table class=\"grid\"><tr><td>-</td><td><b>Type</b></td><td><b>Class</b></td><td><b>Code</b></td></tr><tr><td>*</td><td>permit</td><td>Practitioner (Details: http://hl7.org/fhir/resource-types code Practitioner = 'Practitioner', stated as 'Practitioner')</td><td>Doula <span style=\"background: LightGoldenRodYellow; margin: 4px; border: 1px solid khaki\"> (<a href=\"https://browser.ihtsdotools.org/\">SNOMED CT</a>#768825008 &quot;Doula (occupation)&quot;)</span></td></tr><tr><td>*</td><td>permit</td><td>Coverage (Details: http://hl7.org/fhir/resource-types code Coverage = 'Coverage', stated as 'Coverage')</td><td>In-vitro fertilization <span style=\"background: LightGoldenRodYellow; margin: 4px; border: 1px solid khaki\"> (<a href=\"https://browser.ihtsdotools.org/\">SNOMED CT</a>#52637005 &quot;Test tube ovum fertilization (procedure)&quot;)</span></td></tr><tr><td>*</td><td>permit</td><td>Coverage (Details: http://hl7.org/fhir/resource-types code Coverage = 'Coverage', stated as 'Coverage')</td><td>Medicaid Expansion <span style=\"background: LightGoldenRodYellow; margin: 4px; border: 1px solid khaki\"> ([not stated]#SUBSUPP &quot;subsidized supplemental health program&quot;)</span></td></tr><tr><td>*</td><td>permit</td><td>RelatedPerson (Details: http://hl7.org/fhir/resource-types code RelatedPerson = 'RelatedPerson', stated as 'RelatedPerson')</td><td>Marital Status <span style=\"background: LightGoldenRodYellow; margin: 4px; border: 1px solid khaki\"> (<a href=\"http://terminology.hl7.org/5.5.0/CodeSystem-v3-MaritalStatus.html\">MaritalStatus</a>#P &quot;Polygamous&quot;; <a href=\"http://terminology.hl7.org/5.5.0/CodeSystem-v3-MaritalStatus.html\">MaritalStatus</a>#T &quot;Domestic partner&quot;)</span>, relation <span style=\"background: LightGoldenRodYellow; margin: 4px; border: 1px solid khaki\"> (v3-FamilyMember#FTHFOST &quot;Foster Father&quot;; v3-FamilyMember#MTHFOST &quot;Foster Mother&quot;; v3-FamilyMember#PRNFOST &quot;Foster Parent&quot;)</span></td></tr></table></blockquote></div>"
  },
  "status" : "active",
  "scope" : {
    "coding" : [{
      "system" : "http://terminology.hl7.org/CodeSystem/consentscope",
      "code" : "patient-privacy",
      "display" : "Privacy Consent"
    }]
  },
  "category" : [{
    "coding" : [{
      "system" : "http://loinc.org",
      "code" : "57017-6",
      "display" : "Privacy policy Organization Document"
    }]
  }],
  "dateTime" : "2024-01-29T17:11:31.826Z",
  "organization" : [{
    "reference" : "RI",
    "display" : "State of Rhode Island"
  }],
  "sourceAttachment" : {
    "title" : "The terms of the consent in lawyer speak.",
    "creation" : "2016-08-22"
  },
  "provision" : {
    "type" : "permit",
    "provision" : [{
      "type" : "permit",
      "class" : [{
        "system" : "http://hl7.org/fhir/resource-types",
        "code" : "Practitioner",
        "display" : "Practitioner"
      }],
      "code" : [{
        "coding" : [{
          "system" : "http://snomed.info/sct",
          "code" : "768825008",
          "display" : "Doula (occupation)"
        }],
        "text" : "Doula"
      }]
    },
    {
      "type" : "permit",
      "class" : [{
        "system" : "http://hl7.org/fhir/resource-types",
        "code" : "Coverage",
        "display" : "Coverage"
      }],
      "code" : [{
        "coding" : [{
          "system" : "http://snomed.info/sct",
          "code" : "52637005",
          "display" : "Test tube ovum fertilization (procedure)"
        }],
        "text" : "In-vitro fertilization"
      }]
    },
    {
      "type" : "permit",
      "class" : [{
        "system" : "http://hl7.org/fhir/resource-types",
        "code" : "Coverage",
        "display" : "Coverage"
      }],
      "code" : [{
        "coding" : [{
          "code" : "SUBSUPP",
          "display" : "subsidized supplemental health program"
        }],
        "text" : "Medicaid Expansion"
      }]
    },
    {
      "type" : "permit",
      "class" : [{
        "system" : "http://hl7.org/fhir/resource-types",
        "code" : "RelatedPerson",
        "display" : "RelatedPerson"
      }],
      "code" : [{
        "coding" : [{
          "system" : "http://terminology.hl7.org/CodeSystem/v3-MaritalStatus",
          "code" : "P",
          "display" : "Polygamous"
        },
        {
          "system" : "http://terminology.hl7.org/CodeSystem/v3-MaritalStatus",
          "code" : "T",
          "display" : "Domestic partner"
        }],
        "text" : "Marital Status"
      },
      {
        "coding" : [{
          "system" : "http://terminology.hl7.org/CodeSystem/v3-FamilyMember",
          "code" : "FTHFOST",
          "display" : "Foster Father"
        },
        {
          "system" : "http://terminology.hl7.org/CodeSystem/v3-FamilyMember",
          "code" : "MTHFOST",
          "display" : "Foster Mother"
        },
        {
          "system" : "http://terminology.hl7.org/CodeSystem/v3-FamilyMember",
          "code" : "PRNFOST",
          "display" : "Foster Parent"
        }],
        "text" : "relation"
      }]
    }]
  }
}