{
  "resourceType" : "Consent",
  "id" : "ArizonaConsentProfile",
  "text" : {
    "status" : "generated",
    "div" : "<div xmlns=\"http://www.w3.org/1999/xhtml\"><p><b>Generated Narrative: Consent</b><a name=\"ArizonaConsentProfile\"> </a></p><div style=\"display: inline-block; background-color: #d9e0e7; padding: 6px; margin: 4px; border: 1px solid #8da1b4; border-radius: 5px; line-height: 60%\"><p style=\"margin-bottom: 0px\">Resource Consent &quot;ArizonaConsentProfile&quot; </p></div><p><b>status</b>: active</p><p><b>scope</b>: Privacy Consent <span style=\"background: LightGoldenRodYellow; margin: 4px; border: 1px solid khaki\"> (<a href=\"http://terminology.hl7.org/5.5.0/CodeSystem-consentscope.html\">Consent Scope Codes</a>#patient-privacy)</span></p><p><b>category</b>: 57017-6 <span style=\"background: LightGoldenRodYellow; margin: 4px; border: 1px solid khaki\"> ([not stated]#57017-6)</span></p><p><b>dateTime</b>: 2024-01-29 14:43:48+0000</p><p><b>organization</b>: <a href=\"AZ\">AZ: State of Arizona</a></p><p><b>source</b>: </p><blockquote><p><b>provision</b></p><p><b>type</b>: permit</p><h3>Provisions</h3><table class=\"grid\"><tr><td>-</td><td><b>Type</b></td><td><b>Class</b></td><td><b>Code</b></td></tr><tr><td>*</td><td>deny</td><td>Coverage (Details: http://hl7.org/fhir/resource-types code Coverage = 'Coverage', stated as 'Coverage')</td><td>Medicaid Expansion <span style=\"background: LightGoldenRodYellow; margin: 4px; border: 1px solid khaki\"> ([not stated]#SUBSUPP &quot;subsidized supplemental health program&quot;)</span></td></tr><tr><td>*</td><td>deny</td><td>Procedure (Details: http://hl7.org/fhir/resource-types code Procedure = 'Procedure', stated as 'Procedure')</td><td>Abortion <span style=\"background: LightGoldenRodYellow; margin: 4px; border: 1px solid khaki\"> (<a href=\"https://browser.ihtsdotools.org/\">SNOMED CT</a>#386639001 &quot;Termination of pregnancy (procedure)&quot;)</span></td></tr><tr><td>*</td><td>permit</td><td>RelatedPerson (Details: http://hl7.org/fhir/resource-types code RelatedPerson = 'RelatedPerson', stated as 'RelatedPerson')</td><td>Marital Status <span style=\"background: LightGoldenRodYellow; margin: 4px; border: 1px solid khaki\"> (<a href=\"http://terminology.hl7.org/5.5.0/CodeSystem-v3-MaritalStatus.html\">MaritalStatus</a>#P &quot;Polygamous&quot;; <a href=\"http://terminology.hl7.org/5.5.0/CodeSystem-v3-MaritalStatus.html\">MaritalStatus</a>#T &quot;Domestic partner&quot;)</span>, relation <span style=\"background: LightGoldenRodYellow; margin: 4px; border: 1px solid khaki\"> (v3-FamilyMember#FTHFOST &quot;Foster Father&quot;; v3-FamilyMember#MTHFOST &quot;Foster Mother&quot;; v3-FamilyMember#PRNFOST &quot;Foster Parent&quot;)</span></td></tr><tr><td>*</td><td>deny</td><td>Procedure (Details: http://hl7.org/fhir/resource-types code Procedure = 'Procedure', stated as 'Procedure')</td><td>Pediatric Gender Medicine <span style=\"background: LightGoldenRodYellow; margin: 4px; border: 1px solid khaki\"> (<a href=\"https://browser.ihtsdotools.org/\">SNOMED CT</a>#266717002 &quot;Hormone replacement therapy (procedure)&quot;; <a href=\"https://browser.ihtsdotools.org/\">SNOMED CT</a>#719670005 &quot;Gender confirmation surgery (procedure)&quot;)</span></td></tr><tr><td>*</td><td>deny</td><td>ActivityDefinition (Details: http://hl7.org/fhir/resource-types code ActivityDefinition = 'ActivityDefinition', stated as 'ActivityDefinition')</td><td>Sports <span style=\"background: LightGoldenRodYellow; margin: 4px; border: 1px solid khaki\"> (<a href=\"https://browser.ihtsdotools.org/\">SNOMED CT</a>#14468000 &quot;Sports activity (observable entity)&quot;)</span></td></tr><tr><td>*</td><td> </td><td> </td><td>Swimming <span style=\"background: LightGoldenRodYellow; margin: 4px; border: 1px solid khaki\"> (<a href=\"https://browser.ihtsdotools.org/\">SNOMED CT</a>#20461001 &quot;Swimming (qualifier value)&quot;)</span></td></tr><tr><td>*</td><td>permit</td><td>Practitioner (Details: http://hl7.org/fhir/resource-types code Practitioner = 'Practitioner', stated as 'Practitioner')</td><td>Decline <span style=\"background: LightGoldenRodYellow; margin: 4px; border: 1px solid khaki\"> (<a href=\"https://browser.ihtsdotools.org/\">SNOMED CT</a>#443390004 &quot;Refused (qualifier value)&quot;)</span></td></tr></table></blockquote></div>"
  },
  "status" : "active",
  "scope" : {
    "coding" : [{
      "system" : "http://terminology.hl7.org/CodeSystem/consentscope",
      "code" : "patient-privacy",
      "display" : "Privacy Consent"
    }]
  },
  "category" : [{
    "coding" : [{
      "code" : "57017-6"
    }]
  }],
  "dateTime" : "2024-01-29T14:43:48.123Z",
  "organization" : [{
    "reference" : "AZ",
    "display" : "State of Arizona"
  }],
  "sourceAttachment" : {
    "title" : "The terms of the consent in lawyer speak.",
    "creation" : "2016-08-22"
  },
  "provision" : {
    "type" : "permit",
    "provision" : [{
      "type" : "deny",
      "class" : [{
        "system" : "http://hl7.org/fhir/resource-types",
        "code" : "Coverage",
        "display" : "Coverage"
      }],
      "code" : [{
        "coding" : [{
          "code" : "SUBSUPP",
          "display" : "subsidized supplemental health program"
        }],
        "text" : "Medicaid Expansion"
      }]
    },
    {
      "type" : "deny",
      "class" : [{
        "system" : "http://hl7.org/fhir/resource-types",
        "code" : "Procedure",
        "display" : "Procedure"
      }],
      "code" : [{
        "coding" : [{
          "system" : "http://snomed.info/sct",
          "code" : "386639001",
          "display" : "Termination of pregnancy (procedure)"
        }],
        "text" : "Abortion"
      }]
    },
    {
      "type" : "permit",
      "class" : [{
        "system" : "http://hl7.org/fhir/resource-types",
        "code" : "RelatedPerson",
        "display" : "RelatedPerson"
      }],
      "code" : [{
        "coding" : [{
          "system" : "http://terminology.hl7.org/CodeSystem/v3-MaritalStatus",
          "code" : "P",
          "display" : "Polygamous"
        },
        {
          "system" : "http://terminology.hl7.org/CodeSystem/v3-MaritalStatus",
          "code" : "T",
          "display" : "Domestic partner"
        }],
        "text" : "Marital Status"
      },
      {
        "coding" : [{
          "system" : "http://terminology.hl7.org/CodeSystem/v3-FamilyMember",
          "code" : "FTHFOST",
          "display" : "Foster Father"
        },
        {
          "system" : "http://terminology.hl7.org/CodeSystem/v3-FamilyMember",
          "code" : "MTHFOST",
          "display" : "Foster Mother"
        },
        {
          "system" : "http://terminology.hl7.org/CodeSystem/v3-FamilyMember",
          "code" : "PRNFOST",
          "display" : "Foster Parent"
        }],
        "text" : "relation"
      }]
    },
    {
      "type" : "deny",
      "class" : [{
        "system" : "http://hl7.org/fhir/resource-types",
        "code" : "Procedure",
        "display" : "Procedure"
      }],
      "code" : [{
        "coding" : [{
          "system" : "http://snomed.info/sct",
          "code" : "266717002",
          "display" : "Hormone replacement therapy (procedure)"
        },
        {
          "system" : "http://snomed.info/sct",
          "code" : "719670005",
          "display" : "Gender confirmation surgery (procedure)"
        }],
        "text" : "Pediatric Gender Medicine"
      }]
    },
    {
      "type" : "deny",
      "class" : [{
        "system" : "http://hl7.org/fhir/resource-types",
        "code" : "ActivityDefinition",
        "display" : "ActivityDefinition"
      }],
      "code" : [{
        "coding" : [{
          "system" : "http://snomed.info/sct",
          "code" : "14468000",
          "display" : "Sports activity (observable entity)"
        }],
        "text" : "Sports"
      }]
    },
    {
      "code" : [{
        "coding" : [{
          "system" : "http://snomed.info/sct",
          "code" : "20461001",
          "display" : "Swimming (qualifier value)"
        }],
        "text" : "Swimming"
      }]
    },
    {
      "type" : "permit",
      "class" : [{
        "system" : "http://hl7.org/fhir/resource-types",
        "code" : "Practitioner",
        "display" : "Practitioner"
      }],
      "code" : [{
        "coding" : [{
          "system" : "http://snomed.info/sct",
          "code" : "443390004",
          "display" : "Refused (qualifier value)"
        }],
        "text" : "Decline"
      }]
    }]
  }
}