{
  "resourceType" : "Consent",
  "id" : "WestVirginiaConsentProfile",
  "text" : {
    "status" : "generated",
    "div" : "<div xmlns=\"http://www.w3.org/1999/xhtml\"><p class=\"res-header-id\"><b>Generated Narrative: Consent WestVirginiaConsentProfile</b></p><a name=\"WestVirginiaConsentProfile\"> </a><a name=\"hcWestVirginiaConsentProfile\"> </a><a name=\"WestVirginiaConsentProfile-en-US\"> </a><p><b>status</b>: Active</p><p><b>scope</b>: <span title=\"Codes:{http://terminology.hl7.org/CodeSystem/consentscope patient-privacy}\">Privacy Consent</span></p><p><b>category</b>: <span title=\"Codes:{http://loinc.org 57017-6}\">Privacy policy Organization Document</span></p><p><b>dateTime</b>: 2024-01-29 17:45:16+0000</p><p><b>organization</b>: <a href=\"WV\">State of West Virginia</a></p><p><b>source</b>: </p><blockquote><p><b>provision</b></p><p><b>type</b>: Opt In</p><h3>Provisions</h3><table class=\"grid\"><tr><td style=\"display: none\">-</td><td><b>Type</b></td><td><b>Class</b></td><td><b>Code</b></td></tr><tr><td style=\"display: none\">*</td><td>Opt In</td><td><a href=\"http://hl7.org/fhir/R4/codesystem-resource-types.html#resource-types-Coverage\">ResourceType</a> Coverage: Coverage</td><td><span title=\"Codes:\">Medicaid Expansion</span></td></tr><tr><td style=\"display: none\">*</td><td>Opt In</td><td><a href=\"http://hl7.org/fhir/R4/codesystem-resource-types.html#resource-types-RelatedPerson\">ResourceType</a> RelatedPerson: RelatedPerson</td><td><span title=\"Codes:{http://terminology.hl7.org/CodeSystem/v3-MaritalStatus P}, {http://terminology.hl7.org/CodeSystem/v3-MaritalStatus T}\">Marital Status</span>, <span title=\"Codes:{http://terminology.hl7.org/CodeSystem/v3-FamilyMember FTHFOST}, {http://terminology.hl7.org/CodeSystem/v3-FamilyMember MTHFOST}, {http://terminology.hl7.org/CodeSystem/v3-FamilyMember PRNFOST}\">relation</span></td></tr><tr><td style=\"display: none\">*</td><td>Opt Out</td><td><a href=\"http://hl7.org/fhir/R4/codesystem-resource-types.html#resource-types-Procedure\">ResourceType</a> Procedure: Procedure</td><td><span title=\"Codes:{http://snomed.info/sct 266717002}, {http://snomed.info/sct 719670005}\">Pediatric Gender Medicine</span></td></tr><tr><td style=\"display: none\">*</td><td>Opt Out</td><td><a href=\"http://hl7.org/fhir/R4/codesystem-resource-types.html#resource-types-ActivityDefinition\">ResourceType</a> ActivityDefinition: ActivityDefinition</td><td><span title=\"Codes:{http://snomed.info/sct 14468000}\">Sports</span></td></tr><tr><td style=\"display: none\">*</td><td> </td><td> </td><td><span title=\"Codes:{http://snomed.info/sct 20461001}\">Swimming</span></td></tr></table></blockquote></div>"
  },
  "status" : "active",
  "scope" : {
    "coding" : [{
      "system" : "http://terminology.hl7.org/CodeSystem/consentscope",
      "code" : "patient-privacy",
      "display" : "Privacy Consent"
    }]
  },
  "category" : [{
    "coding" : [{
      "system" : "http://loinc.org",
      "code" : "57017-6",
      "display" : "Privacy policy Organization Document"
    }]
  }],
  "dateTime" : "2024-01-29T17:45:16.035Z",
  "organization" : [{
    "reference" : "WV",
    "display" : "State of West Virginia"
  }],
  "sourceAttachment" : {
    "title" : "The terms of the consent in lawyer speak.",
    "creation" : "2016-08-22"
  },
  "provision" : {
    "type" : "permit",
    "provision" : [{
      "type" : "permit",
      "class" : [{
        "system" : "http://hl7.org/fhir/resource-types",
        "code" : "Coverage",
        "display" : "Coverage"
      }],
      "code" : [{
        "coding" : [{
          "code" : "SUBSUPP",
          "display" : "subsidized supplemental health program"
        }],
        "text" : "Medicaid Expansion"
      }]
    },
    {
      "type" : "permit",
      "class" : [{
        "system" : "http://hl7.org/fhir/resource-types",
        "code" : "RelatedPerson",
        "display" : "RelatedPerson"
      }],
      "code" : [{
        "coding" : [{
          "system" : "http://terminology.hl7.org/CodeSystem/v3-MaritalStatus",
          "code" : "P",
          "display" : "Polygamous"
        },
        {
          "system" : "http://terminology.hl7.org/CodeSystem/v3-MaritalStatus",
          "code" : "T",
          "display" : "Domestic partner"
        }],
        "text" : "Marital Status"
      },
      {
        "coding" : [{
          "system" : "http://terminology.hl7.org/CodeSystem/v3-FamilyMember",
          "code" : "FTHFOST",
          "display" : "Foster Father"
        },
        {
          "system" : "http://terminology.hl7.org/CodeSystem/v3-FamilyMember",
          "code" : "MTHFOST",
          "display" : "Foster Mother"
        },
        {
          "system" : "http://terminology.hl7.org/CodeSystem/v3-FamilyMember",
          "code" : "PRNFOST",
          "display" : "Foster Parent"
        }],
        "text" : "relation"
      }]
    },
    {
      "type" : "deny",
      "class" : [{
        "system" : "http://hl7.org/fhir/resource-types",
        "code" : "Procedure",
        "display" : "Procedure"
      }],
      "code" : [{
        "coding" : [{
          "system" : "http://snomed.info/sct",
          "code" : "266717002",
          "display" : "Hormone replacement therapy (procedure)"
        },
        {
          "system" : "http://snomed.info/sct",
          "code" : "719670005",
          "display" : "Gender confirmation surgery (procedure)"
        }],
        "text" : "Pediatric Gender Medicine"
      }]
    },
    {
      "type" : "deny",
      "class" : [{
        "system" : "http://hl7.org/fhir/resource-types",
        "code" : "ActivityDefinition",
        "display" : "ActivityDefinition"
      }],
      "code" : [{
        "coding" : [{
          "system" : "http://snomed.info/sct",
          "code" : "14468000",
          "display" : "Sports activity (observable entity)"
        }],
        "text" : "Sports"
      }]
    },
    {
      "code" : [{
        "coding" : [{
          "system" : "http://snomed.info/sct",
          "code" : "20461001",
          "display" : "Swimming (qualifier value)"
        }],
        "text" : "Swimming"
      }]
    }]
  }
}