{
  "resourceType": "ValueSet",
  "id": "ConsentExchangeRelations",
  "text": {
    "status": "generated",
    "div": "<div xmlns=\"http://www.w3.org/1999/xhtml\"><p>This value set includes codes based on the following rules:</p><ul><li>Import all the codes that are contained in <a href=\"http://hl7.org/fhir/R4/valueset-relatedperson-relationshiptype.html\">http://hl7.org/fhir/ValueSet/relatedperson-relationshiptype</a></li><li>Import all the codes that are contained in <a href=\"http://hl7.org/fhir/R4/valueset-practitioner-role.html\">http://hl7.org/fhir/ValueSet/practitioner-role</a></li><li>Import all the codes that are contained in <a href=\"http://hl7.org/fhir/R4/valueset-participant-role.html\">http://hl7.org/fhir/ValueSet/participant-role</a></li><li>Import all the codes that are contained in <a href=\"http://hl7.org/fhir/R4/valueset-security-role-type.html\">http://hl7.org/fhir/ValueSet/security-role-type</a></li><li>Import all the codes that are contained in <a href=\"http://hl7.org/fhir/R4/valueset-organization-type.html\">http://hl7.org/fhir/ValueSet/organization-type</a></li></ul></div>"
  },
  "url": "http://consent-engine-ig.awatson.mitre.org/ValueSet/ConsentExchangeRelations",
  "version": "0.3.6",
  "name": "ConsentExchangeRelations",
  "title": "ConsentExchangeRelations",
  "status": "active",
  "date": "2022-01-18T10:02:13-06:00",
  "publisher": "MITRE, Inc",
  "contact": [
    {
      "name": "MITRE, Inc",
      "telecom": [
        {
          "system": "url",
          "value": "https://gitlab.mitre.org/awatson/consent-engine-ig"
        }
      ]
    }
  ],
  "description": "Consent Exchange - Relationships",
  "compose": {
    "include": [
      {
        "valueSet": [
          "http://hl7.org/fhir/ValueSet/relatedperson-relationshiptype"
        ]
      },
      {
        "valueSet": [
          "http://hl7.org/fhir/ValueSet/practitioner-role"
        ]
      },
      {
        "valueSet": [
          "http://hl7.org/fhir/ValueSet/participant-role"
        ]
      },
      {
        "valueSet": [
          "http://hl7.org/fhir/ValueSet/security-role-type"
        ]
      },
      {
        "valueSet": [
          "http://hl7.org/fhir/ValueSet/organization-type"
        ]
      }
    ]
  }
}