{
  "resourceType" : "ValueSet",
  "id" : "ConsentExchangePolicies",
  "text" : {
    "status" : "generated",
    "div" : "<div xmlns=\"http://www.w3.org/1999/xhtml\"><p>This value set includes codes based on the following rules:</p><ul><li>Include all codes defined in <code>http://mehi-ig.tranquildata.com/CodeSystem/PayorToPayorExchangePolicyCodes</code></li><li>Import all the codes that are contained in <a href=\"http://hl7.org/fhir/R4/valueset-consent-policy.html\">Consent PolicyRule Codes</a></li></ul></div>"
  },
  "url" : "https://gitlab.mitre.org/awatson/us-state-profiles/ValueSet/ConsentExchangePolicies",
  "version" : "0.4.0",
  "name" : "ConsentExchangePolicies",
  "title" : "ConsentExchangePolicies",
  "status" : "draft",
  "date" : "2023-11-26T23:28:50-05:00",
  "publisher" : "MITRE, Inc",
  "contact" : [{
    "name" : "MITRE, Inc",
    "telecom" : [{
      "system" : "url",
      "value" : "https://gitlab.mitre.org/awatson/us-state-profiles"
    }]
  }],
  "description" : "Consent Exchange - Policies",
  "compose" : {
    "include" : [{
      "system" : "http://mehi-ig.tranquildata.com/CodeSystem/PayorToPayorExchangePolicyCodes"
    },
    {
      "valueSet" : ["http://hl7.org/fhir/ValueSet/consent-policy"]
    }]
  }
}