<?xml version="1.0" encoding="UTF-8"?><ValueSet xmlns="http://hl7.org/fhir"><id value="consent-exchange-category-codes"/><text><status value="extensions"/><div xmlns="http://www.w3.org/1999/xhtml"><p>This value set includes codes based on the following rules:</p><ul><li>Import all the codes that are contained in <a href="http://hl7.org/fhir/R4/valueset-consent-category.html">http://hl7.org/fhir/ValueSet/consent-category</a></li></ul><p>This value set excludes codes based on the following rules:</p><ul><li>Exclude these codes as defined in <a href="http://terminology.hl7.org/4.0.0/CodeSystem-consentcategorycodes.html"><code>http://terminology.hl7.org/CodeSystem/consentcategorycodes</code></a><table class="none"><tr><td style="white-space:nowrap"><b>Code</b></td><td><b>Display</b></td><td><b>Definition</b></td></tr><tr><td><a href="http://terminology.hl7.org/4.0.0/CodeSystem-consentcategorycodes.html#consentcategorycodes-acd">acd</a></td><td>Advance Directive</td><td>Any instructions, written or given verbally by a patient to a health care provider in anticipation of potential need for medical treatment. [2005 Honor My Wishes]</td></tr><tr><td><a href="http://terminology.hl7.org/4.0.0/CodeSystem-consentcategorycodes.html#consentcategorycodes-dnr">dnr</a></td><td>Do Not Resuscitate</td><td>A legal document, signed by both the patient and their provider, stating a desire not to have CPR initiated in case of a cardiac event. Note: This form was replaced in 2003 with the Physician Orders for Life-Sustaining Treatment [POLST].</td></tr><tr><td><a href="http://terminology.hl7.org/4.0.0/CodeSystem-consentcategorycodes.html#consentcategorycodes-hcd">hcd</a></td><td>Health Care Directive</td><td>Patient's document telling patient's health care provider what the patient wants or does not want if the patient is diagnosed as being terminally ill and in a persistent vegetative state or in a permanently unconscious condition.[2005 Honor My Wishes]</td></tr><tr><td><a href="http://terminology.hl7.org/4.0.0/CodeSystem-consentcategorycodes.html#consentcategorycodes-npp">npp</a></td><td>Notice of Privacy Practices</td><td>Acknowledgement of custodian notice of privacy practices. Usage Notes: This type of consent directive acknowledges a custodian's notice of privacy practices including its permitted collection, access, use and disclosure of health information to users and for purposes of use specified. [ActConsentDirective (2.16.840.1.113883.1.11.20425)]</td></tr><tr><td><a href="http://terminology.hl7.org/4.0.0/CodeSystem-consentcategorycodes.html#consentcategorycodes-polst">polst</a></td><td>POLST</td><td>The Physician Order for Life-Sustaining Treatment form records a person's health care wishes for end of life emergency treatment and translates them into an order by the physician. It must be reviewed and signed by both the patient and the physician, Advanced Registered Nurse Practitioner or Physician Assistant. [2005 Honor My Wishes] Comment: Opt-in Consent Directive with restrictions.</td></tr></table></li><li>Exclude these codes as defined in <a href="http://loinc.org"><code>http://loinc.org</code></a><table class="none"><tr><td style="white-space:nowrap"><b>Code</b></td><td><b>Display</b></td></tr><tr><td><a href="http://details.loinc.org/LOINC/57016-8.html">57016-8</a></td><td>Privacy policy acknowledgment Document</td></tr><tr><td><a href="http://details.loinc.org/LOINC/57017-6.html">57017-6</a></td><td>Privacy policy Organization Document</td></tr><tr><td><a href="http://details.loinc.org/LOINC/64292-6.html">64292-6</a></td><td>Release of information consent Document</td></tr></table></li></ul></div></text><url value="https://gitlab.mitre.org/awatson/us-state-profiles/ValueSet/consent-exchange-category-codes"/><version value="0.4.0"/><name value="ConsentExchangeCategoryCodes"/><title value="ConsentExchangeCategoryCodes"/><status value="active"/><date value="2022-10-31T09:22:00-05:00"/><publisher value="MITRE, Inc"/><contact><name value="MITRE, Inc"/><telecom><system value="url"/><value value="https://gitlab.mitre.org/awatson/us-state-profiles"/></telecom></contact><description value="Consent Exchange - Category Codes"/><compose><include><valueSet value="http://hl7.org/fhir/ValueSet/consent-category"/></include><exclude><system value="http://terminology.hl7.org/CodeSystem/consentcategorycodes"/><concept><code value="acd"/></concept><concept><code value="dnr"/></concept><concept><code value="hcd"/></concept><concept><code value="npp"/></concept><concept><code value="polst"/></concept></exclude><exclude><system value="http://loinc.org"/><concept><code value="57016-8"/></concept><concept><code value="57017-6"/></concept><concept><code value="64292-6"/></concept></exclude></compose></ValueSet>