<?xml version="1.0" encoding="UTF-8"?>

<CodeSystem xmlns="http://hl7.org/fhir">
  <id value="CmsInteroperabilityPolicyCodes"/>
  <text>
    <status value="generated"/><div xmlns="http://www.w3.org/1999/xhtml"><p>This code system https://gitlab.mitre.org/awatson/us-state-profiles/CodeSystem/CmsInteroperabilityPolicyCodes defines the following codes:</p><table class="codes"><tr><td style="white-space:nowrap"><b>Code</b></td><td><b>Display</b></td></tr><tr><td style="white-space:nowrap">CMS-9115-F.III<a name="CmsInteroperabilityPolicyCodes-CMS-9115-F.46III"> </a></td><td>Provisions of Patient Access Through APIs</td></tr><tr><td style="white-space:nowrap">CMS-9115-F.IV<a name="CmsInteroperabilityPolicyCodes-CMS-9115-F.46IV"> </a></td><td>API Access to Published Provider Directory Data Provisions</td></tr><tr><td style="white-space:nowrap">CMS-9115-F.V<a name="CmsInteroperabilityPolicyCodes-CMS-9115-F.46V"> </a></td><td>Health Information Exchange and Care Coordination Across Payers</td></tr><tr><td style="white-space:nowrap">CMS-9115-F.VI<a name="CmsInteroperabilityPolicyCodes-CMS-9115-F.46VI"> </a></td><td>Care Coordination Through Trusted Exchange Networks</td></tr><tr><td style="white-space:nowrap">CMS-9115-F.VII<a name="CmsInteroperabilityPolicyCodes-CMS-9115-F.46VII"> </a></td><td>Improving the Medicare-Medicaid Dually Eligible Experience</td></tr><tr><td style="white-space:nowrap">CMS-9115-F.VIII<a name="CmsInteroperabilityPolicyCodes-CMS-9115-F.46VIII"> </a></td><td>Information Blocking Background and Public Reporting</td></tr><tr><td style="white-space:nowrap">CMS-9115-F.IX<a name="CmsInteroperabilityPolicyCodes-CMS-9115-F.46IX"> </a></td><td>Provider Digital Contact Information</td></tr><tr><td style="white-space:nowrap">CMS-9115-F.X<a name="CmsInteroperabilityPolicyCodes-CMS-9115-F.46X"> </a></td><td>Conditions of Participation for Hospitals and Critical Access Hospitals</td></tr></table></div>
  </text>
  <url value="https://gitlab.mitre.org/awatson/us-state-profiles/CodeSystem/CmsInteroperabilityPolicyCodes"/>
  <version value="0.4.0"/>
  <name value="CmsInteroperabilityPolicyCodes"/>
  <title value="CmsInteroperabilityPolicyCodes"/>
  <status value="active"/>
  <date value="2022-07-04T09:23:10-05:00"/>
  <publisher value="MITRE, Inc"/>
  <contact>
    <name value="MITRE, Inc"/>
    <telecom>
      <system value="url"/>
      <value value="https://gitlab.mitre.org/awatson/us-state-profiles"/>
    </telecom>
  </contact>
  <description value="Policy provisions defined under CMS-9115-F, CMS Interoperability and Patient Access final rule"/>
  <content value="complete"/>
  <count value="8"/>
  <concept>
    <code value="CMS-9115-F.III"/>
    <display value="Provisions of Patient Access Through APIs"/>
  </concept>
  <concept>
    <code value="CMS-9115-F.IV"/>
    <display value="API Access to Published Provider Directory Data Provisions"/>
  </concept>
  <concept>
    <code value="CMS-9115-F.V"/>
    <display value="Health Information Exchange and Care Coordination Across Payers"/>
  </concept>
  <concept>
    <code value="CMS-9115-F.VI"/>
    <display value="Care Coordination Through Trusted Exchange Networks"/>
  </concept>
  <concept>
    <code value="CMS-9115-F.VII"/>
    <display value="Improving the Medicare-Medicaid Dually Eligible Experience"/>
  </concept>
  <concept>
    <code value="CMS-9115-F.VIII"/>
    <display value="Information Blocking Background and Public Reporting"/>
  </concept>
  <concept>
    <code value="CMS-9115-F.IX"/>
    <display value="Provider Digital Contact Information"/>
  </concept>
  <concept>
    <code value="CMS-9115-F.X"/>
    <display value="Conditions of Participation for Hospitals and Critical Access Hospitals"/>
  </concept>
</CodeSystem>