<?xml version="1.0" encoding="UTF-8"?>

<Consent xmlns="http://hl7.org/fhir">
  <id value="AlabamaConsentProfile"/>
  <text>
    <status value="generated"/><div xmlns="http://www.w3.org/1999/xhtml"><p><b>Generated Narrative: Consent</b><a name="AlabamaConsentProfile"> </a></p><div style="display: inline-block; background-color: #d9e0e7; padding: 6px; margin: 4px; border: 1px solid #8da1b4; border-radius: 5px; line-height: 60%"><p style="margin-bottom: 0px">Resource Consent &quot;AlabamaConsentProfile&quot; </p></div><p><b>status</b>: active</p><p><b>scope</b>: Privacy Consent <span style="background: LightGoldenRodYellow; margin: 4px; border: 1px solid khaki"> (<a href="http://terminology.hl7.org/5.3.0/CodeSystem-consentscope.html">Consent Scope Codes</a>#patient-privacy)</span></p><p><b>category</b>: 57017-6 <span style="background: LightGoldenRodYellow; margin: 4px; border: 1px solid khaki"> ([not stated]#57017-6)</span></p><p><b>dateTime</b>: 2024-01-29 03:30:56+0000</p><p><b>organization</b>: <a href="AL">AL: State of Alabama</a></p><p><b>source</b>: </p><blockquote><p><b>provision</b></p><p><b>type</b>: permit</p><h3>Provisions</h3><table class="grid"><tr><td>-</td><td><b>Type</b></td><td><b>Class</b></td><td><b>Code</b></td></tr><tr><td>*</td><td>deny</td><td>ActivityDefinition (Details: http://hl7.org/fhir/resource-types code ActivityDefinition = 'ActivityDefinition', stated as 'ActivityDefinition')</td><td>Sports <span style="background: LightGoldenRodYellow; margin: 4px; border: 1px solid khaki"> (<a href="https://browser.ihtsdotools.org/">SNOMED CT</a>#14468000 &quot;Sports activity (observable entity)&quot;)</span></td></tr><tr><td>*</td><td> </td><td> </td><td>Swimming <span style="background: LightGoldenRodYellow; margin: 4px; border: 1px solid khaki"> (<a href="https://browser.ihtsdotools.org/">SNOMED CT</a>#20461001 &quot;Swimming (qualifier value)&quot;)</span></td></tr><tr><td>*</td><td>deny</td><td>Procedure (Details: http://hl7.org/fhir/resource-types code Procedure = 'Procedure', stated as 'Procedure')</td><td>Pediatric Gender Medicine <span style="background: LightGoldenRodYellow; margin: 4px; border: 1px solid khaki"> (<a href="https://browser.ihtsdotools.org/">SNOMED CT</a>#266717002 &quot;Hormone replacement therapy (procedure)&quot;; <a href="https://browser.ihtsdotools.org/">SNOMED CT</a>#719670005 &quot;Gender confirmation surgery (procedure)&quot;)</span></td></tr><tr><td>*</td><td>deny</td><td>Procedure (Details: http://hl7.org/fhir/resource-types code Procedure = 'Procedure', stated as 'Procedure')</td><td>Abortion <span style="background: LightGoldenRodYellow; margin: 4px; border: 1px solid khaki"> (<a href="https://browser.ihtsdotools.org/">SNOMED CT</a>#386639001 &quot;Termination of pregnancy (procedure)&quot;)</span></td></tr><tr><td>*</td><td>permit</td><td>Practitioner (Details: http://hl7.org/fhir/resource-types code Practitioner = 'Practitioner', stated as 'Practitioner')</td><td>Decline <span style="background: LightGoldenRodYellow; margin: 4px; border: 1px solid khaki"> (<a href="https://browser.ihtsdotools.org/">SNOMED CT</a>#443390004 &quot;Refused (qualifier value)&quot;)</span></td></tr></table></blockquote></div>
  </text>
  <status value="active"/>
  <scope>
    <coding>
      <system value="http://terminology.hl7.org/CodeSystem/consentscope"/>
      <code value="patient-privacy"/>
      <display value="Privacy Consent"/>
    </coding>
  </scope>
  <category>
    <coding>
      <code value="57017-6"/>
    </coding>
  </category>
  <dateTime value="2024-01-29T03:30:56.916Z"/>
  <organization>
    <reference value="AL"/>
    <display value="State of Alabama"/>
  </organization>
  <sourceAttachment>
    <title value="The terms of the consent in lawyer speak."/>
    <creation value="2016-08-22"/>
  </sourceAttachment>
  <provision>
    <type value="permit"/>
    <provision>
      <type value="deny"/>
      <class>
        <system value="http://hl7.org/fhir/resource-types"/>
        <code value="ActivityDefinition"/>
        <display value="ActivityDefinition"/>
      </class>
      <code>
        <coding>
          <system value="http://snomed.info/sct"/>
          <code value="14468000"/>
          <display value="Sports activity (observable entity)"/>
        </coding>
        <text value="Sports"/>
      </code>
    </provision>
    <provision>
      <code>
        <coding>
          <system value="http://snomed.info/sct"/>
          <code value="20461001"/>
          <display value="Swimming (qualifier value)"/>
        </coding>
        <text value="Swimming"/>
      </code>
    </provision>
    <provision>
      <type value="deny"/>
      <class>
        <system value="http://hl7.org/fhir/resource-types"/>
        <code value="Procedure"/>
        <display value="Procedure"/>
      </class>
      <code>
        <coding>
          <system value="http://snomed.info/sct"/>
          <code value="266717002"/>
          <display value="Hormone replacement therapy (procedure)"/>
        </coding>
        <coding>
          <system value="http://snomed.info/sct"/>
          <code value="719670005"/>
          <display value="Gender confirmation surgery (procedure)"/>
        </coding>
        <text value="Pediatric Gender Medicine"/>
      </code>
    </provision>
    <provision>
      <type value="deny"/>
      <class>
        <system value="http://hl7.org/fhir/resource-types"/>
        <code value="Procedure"/>
        <display value="Procedure"/>
      </class>
      <code>
        <coding>
          <system value="http://snomed.info/sct"/>
          <code value="386639001"/>
          <display value="Termination of pregnancy (procedure)"/>
        </coding>
        <text value="Abortion"/>
      </code>
    </provision>
    <provision>
      <type value="permit"/>
      <class>
        <system value="http://hl7.org/fhir/resource-types"/>
        <code value="Practitioner"/>
        <display value="Practitioner"/>
      </class>
      <code>
        <coding>
          <system value="http://snomed.info/sct"/>
          <code value="443390004"/>
          <display value="Refused (qualifier value)"/>
        </coding>
        <text value="Decline"/>
      </code>
    </provision>
  </provision>
</Consent>