<?xml version="1.0" encoding="UTF-8"?>

<Consent xmlns="http://hl7.org/fhir">
  <id value="johnsmith-consent-org-acme-insurance"/>
  <meta>
    <versionId value="1"/>
    <lastUpdated value="2021-07-01T00:00:00.0000+00:00"/>
    <profile value="http://hl7.org/fhir/us/sdoh-clinicalcare/StructureDefinition/SDOHCC-Consent-Base-1"/>
  </meta>
  <text>
    <status value="generated"/><div xmlns="http://www.w3.org/1999/xhtml"><p><b>Generated Narrative</b></p><div style="display: inline-block; background-color: #d9e0e7; padding: 6px; margin: 4px; border: 1px solid #8da1b4; border-radius: 5px; line-height: 60%"><p style="margin-bottom: 0px">Resource "johnsmith-consent-org-acme-insurance" Version "1" Updated "2021-06-30T19:00:00-05:00" </p><p style="margin-bottom: 0px">Profile: <code>http://hl7.org/fhir/us/sdoh-clinicalcare/StructureDefinition/SDOHCC-Consent-Base-1</code></p></div><p><b>status</b>: active</p><p><b>scope</b>: Privacy Consent <span style="background: LightGoldenRodYellow; margin: 4px; border: 1px solid khaki"> (<a href="http://terminology.hl7.org/3.1.0/CodeSystem-consentscope.html">Consent Scope Codes</a>#patient-privacy)</span></p><p><b>category</b>: information disclosure <span style="background: LightGoldenRodYellow; margin: 4px; border: 1px solid khaki"> (<a href="http://terminology.hl7.org/3.1.0/CodeSystem-v3-ActCode.html">ActCode</a>#IDSCL)</span></p><p><b>patient</b>: <a href="Patient-patient-john-smith.html">Patient/patient-john-smith: SMITH, JOHN</a> " SMITH"</p><p><b>dateTime</b>: 2013-02-01</p><p><b>organization</b>: <a href="Organization/plentyrx">Organization/plentyrx: Plenty RX</a></p><p><b>policyRule</b>: HIPAA Authorization <span style="background: LightGoldenRodYellow; margin: 4px; border: 1px solid khaki"> (<a href="http://terminology.hl7.org/3.1.0/CodeSystem-consentpolicycodes.html">Consent PolicyRule Codes</a>#hipaa-auth)</span></p><blockquote><p><b>provision</b></p><p><b>type</b>: permit</p><p><b>period</b>: 2021-01-01 --&gt; (ongoing)</p><h3>Actors</h3><table class="grid"><tr><td>-</td><td><b>Role</b></td><td><b>Reference</b></td></tr><tr><td>*</td><td>affiliate <span style="background: LightGoldenRodYellow; margin: 4px; border: 1px solid khaki"> (<a href="http://terminology.hl7.org/3.1.0/CodeSystem-v3-RoleClass.html">RoleClass</a>#AFFL)</span></td><td><a href="Organization-org-acme-insurance.html">Organization/org-acme-insurance: ACME Insurance</a> "ACME Insurance"</td></tr></table><p><b>action</b>: Access <span style="background: LightGoldenRodYellow; margin: 4px; border: 1px solid khaki"> (<a href="http://terminology.hl7.org/3.1.0/CodeSystem-consentaction.html">Consent Action Codes</a>#access)</span></p></blockquote></div>
  </text>
  <status value="active"/>
  <scope>
    <coding>
      <system value="http://terminology.hl7.org/CodeSystem/consentscope"/>
      <code value="patient-privacy"/>
      <display value="Privacy Consent"/>
    </coding>
  </scope>
  <category>
    <coding>
      <system value="http://terminology.hl7.org/CodeSystem/v3-ActCode"/>
      <code value="IDSCL"/>
      <display value="information disclosure"/>
    </coding>
  </category>
  <patient>
    <reference value="Patient/patient-john-smith"/>
    <display value="SMITH, JOHN"/>
  </patient>
  <dateTime value="2013-02-01"/>
  <organization>
    <reference value="Organization/plentyrx"/>
    <display value="Plenty RX"/>
  </organization>
  <policyRule>
    <coding>
      <system value="http://terminology.hl7.org/CodeSystem/consentpolicycodes"/>
      <code value="hipaa-auth"/>
      <display value="HIPAA Authorization"/>
    </coding>
  </policyRule>
  <provision>
    <type value="permit"/>
    <period>
      <start value="2021-01-01"/>
    </period>
    <actor>
      <role>
        <coding>
          <system value="http://terminology.hl7.org/CodeSystem/v3-RoleClass"/>
          <code value="AFFL"/>
          <display value="affiliate"/>
        </coding>
      </role>
      <reference>
        <reference value="Organization/org-acme-insurance"/>
        <display value="ACME Insurance"/>
      </reference>
    </actor>
    <action>
      <coding>
        <system value="http://terminology.hl7.org/CodeSystem/consentaction"/>
        <code value="access"/>
        <display value="Access"/>
      </coding>
      <text value="Access"/>
    </action>
  </provision>
</Consent>