{"resourceType":"CodeSystem","id":"ConsentExchangeRelationships","text":{"status":"generated","div":"<div xmlns=\"http://www.w3.org/1999/xhtml\"><p>This code system <code>https://gitlab.mitre.org/awatson/us-state-profiles/CodeSystem/ConsentExchangeRelationships</code> defines the following codes:</p><table class=\"codes\"><tr><td style=\"white-space:nowrap\"><b>Code</b></td></tr></table></div>"},"url":"https://gitlab.mitre.org/awatson/us-state-profiles/CodeSystem/ConsentExchangeRelationships","version":"0.4.0","name":"ConsentExchangeRelationships","title":"ConsentExchangeRelationships","status":"active","date":"2022-10-31T01:21:31-05:00","publisher":"MITRE, Inc","contact":[{"name":"MITRE, Inc","telecom":[{"system":"url","value":"https://gitlab.mitre.org/awatson/us-state-profiles"}]}],"description":"Relationships used to model and exchange consent relationships","content":"complete"}