<?xml version="1.0" encoding="UTF-8"?>

<Consent xmlns="http://hl7.org/fhir">
  <id value="ArizonaConsentProfile"/>
  <text>
    <status value="generated"/><div xmlns="http://www.w3.org/1999/xhtml"><p class="res-header-id"><b>Generated Narrative: Consent ArizonaConsentProfile</b></p><a name="ArizonaConsentProfile"> </a><a name="hcArizonaConsentProfile"> </a><a name="ArizonaConsentProfile-en-US"> </a><p><b>status</b>: Active</p><p><b>scope</b>: <span title="Codes:{http://terminology.hl7.org/CodeSystem/consentscope patient-privacy}">Privacy Consent</span></p><p><b>category</b>: <span title="Codes:">57017-6</span></p><p><b>dateTime</b>: 2024-01-29 14:43:48+0000</p><p><b>organization</b>: <a href="AZ">State of Arizona</a></p><p><b>source</b>: </p><blockquote><p><b>provision</b></p><p><b>type</b>: Opt In</p><h3>Provisions</h3><table class="grid"><tr><td style="display: none">-</td><td><b>Type</b></td><td><b>Class</b></td><td><b>Code</b></td></tr><tr><td style="display: none">*</td><td>Opt Out</td><td><a href="http://hl7.org/fhir/R4/codesystem-resource-types.html#resource-types-Coverage">ResourceType Coverage</a>: Coverage</td><td><span title="Codes:">Medicaid Expansion</span></td></tr><tr><td style="display: none">*</td><td>Opt Out</td><td><a href="http://hl7.org/fhir/R4/codesystem-resource-types.html#resource-types-Procedure">ResourceType Procedure</a>: Procedure</td><td><span title="Codes:{http://snomed.info/sct 386639001}">Abortion</span></td></tr><tr><td style="display: none">*</td><td>Opt In</td><td><a href="http://hl7.org/fhir/R4/codesystem-resource-types.html#resource-types-RelatedPerson">ResourceType RelatedPerson</a>: RelatedPerson</td><td><span title="Codes:{http://terminology.hl7.org/CodeSystem/v3-MaritalStatus P}, {http://terminology.hl7.org/CodeSystem/v3-MaritalStatus T}">Marital Status</span>, <span title="Codes:{http://terminology.hl7.org/CodeSystem/v3-FamilyMember FTHFOST}, {http://terminology.hl7.org/CodeSystem/v3-FamilyMember MTHFOST}, {http://terminology.hl7.org/CodeSystem/v3-FamilyMember PRNFOST}">relation</span></td></tr><tr><td style="display: none">*</td><td>Opt Out</td><td><a href="http://hl7.org/fhir/R4/codesystem-resource-types.html#resource-types-Procedure">ResourceType Procedure</a>: Procedure</td><td><span title="Codes:{http://snomed.info/sct 266717002}, {http://snomed.info/sct 719670005}">Pediatric Gender Medicine</span></td></tr><tr><td style="display: none">*</td><td>Opt Out</td><td><a href="http://hl7.org/fhir/R4/codesystem-resource-types.html#resource-types-ActivityDefinition">ResourceType ActivityDefinition</a>: ActivityDefinition</td><td><span title="Codes:{http://snomed.info/sct 14468000}">Sports</span></td></tr><tr><td style="display: none">*</td><td> </td><td> </td><td><span title="Codes:{http://snomed.info/sct 20461001}">Swimming</span></td></tr><tr><td style="display: none">*</td><td>Opt In</td><td><a href="http://hl7.org/fhir/R4/codesystem-resource-types.html#resource-types-Practitioner">ResourceType Practitioner</a>: Practitioner</td><td><span title="Codes:{http://snomed.info/sct 443390004}">Decline</span></td></tr></table></blockquote></div>
  </text>
  <status value="active"/>
  <scope>
    <coding>
      <system value="http://terminology.hl7.org/CodeSystem/consentscope"/>
      <code value="patient-privacy"/>
      <display value="Privacy Consent"/>
    </coding>
  </scope>
  <category>
    <coding>
      <code value="57017-6"/>
    </coding>
  </category>
  <dateTime value="2024-01-29T14:43:48.123Z"/>
  <organization>
    <reference value="AZ"/>
    <display value="State of Arizona"/>
  </organization>
  <sourceAttachment>
    <title value="The terms of the consent in lawyer speak."/>
    <creation value="2016-08-22"/>
  </sourceAttachment>
  <provision>
    <type value="permit"/>
    <provision>
      <type value="deny"/>
      <class>
        <system value="http://hl7.org/fhir/resource-types"/>
        <code value="Coverage"/>
        <display value="Coverage"/>
      </class>
      <code>
        <coding>
          <code value="SUBSUPP"/>
          <display value="subsidized supplemental health program"/>
        </coding>
        <text value="Medicaid Expansion"/>
      </code>
    </provision>
    <provision>
      <type value="deny"/>
      <class>
        <system value="http://hl7.org/fhir/resource-types"/>
        <code value="Procedure"/>
        <display value="Procedure"/>
      </class>
      <code>
        <coding>
          <system value="http://snomed.info/sct"/>
          <code value="386639001"/>
          <display value="Termination of pregnancy (procedure)"/>
        </coding>
        <text value="Abortion"/>
      </code>
    </provision>
    <provision>
      <type value="permit"/>
      <class>
        <system value="http://hl7.org/fhir/resource-types"/>
        <code value="RelatedPerson"/>
        <display value="RelatedPerson"/>
      </class>
      <code>
        <coding>
          <system value="http://terminology.hl7.org/CodeSystem/v3-MaritalStatus"/>
          <code value="P"/>
          <display value="Polygamous"/>
        </coding>
        <coding>
          <system value="http://terminology.hl7.org/CodeSystem/v3-MaritalStatus"/>
          <code value="T"/>
          <display value="Domestic partner"/>
        </coding>
        <text value="Marital Status"/>
      </code>
      <code>
        <coding>
          <system value="http://terminology.hl7.org/CodeSystem/v3-FamilyMember"/>
          <code value="FTHFOST"/>
          <display value="Foster Father"/>
        </coding>
        <coding>
          <system value="http://terminology.hl7.org/CodeSystem/v3-FamilyMember"/>
          <code value="MTHFOST"/>
          <display value="Foster Mother"/>
        </coding>
        <coding>
          <system value="http://terminology.hl7.org/CodeSystem/v3-FamilyMember"/>
          <code value="PRNFOST"/>
          <display value="Foster Parent"/>
        </coding>
        <text value="relation"/>
      </code>
    </provision>
    <provision>
      <type value="deny"/>
      <class>
        <system value="http://hl7.org/fhir/resource-types"/>
        <code value="Procedure"/>
        <display value="Procedure"/>
      </class>
      <code>
        <coding>
          <system value="http://snomed.info/sct"/>
          <code value="266717002"/>
          <display value="Hormone replacement therapy (procedure)"/>
        </coding>
        <coding>
          <system value="http://snomed.info/sct"/>
          <code value="719670005"/>
          <display value="Gender confirmation surgery (procedure)"/>
        </coding>
        <text value="Pediatric Gender Medicine"/>
      </code>
    </provision>
    <provision>
      <type value="deny"/>
      <class>
        <system value="http://hl7.org/fhir/resource-types"/>
        <code value="ActivityDefinition"/>
        <display value="ActivityDefinition"/>
      </class>
      <code>
        <coding>
          <system value="http://snomed.info/sct"/>
          <code value="14468000"/>
          <display value="Sports activity (observable entity)"/>
        </coding>
        <text value="Sports"/>
      </code>
    </provision>
    <provision>
      <code>
        <coding>
          <system value="http://snomed.info/sct"/>
          <code value="20461001"/>
          <display value="Swimming (qualifier value)"/>
        </coding>
        <text value="Swimming"/>
      </code>
    </provision>
    <provision>
      <type value="permit"/>
      <class>
        <system value="http://hl7.org/fhir/resource-types"/>
        <code value="Practitioner"/>
        <display value="Practitioner"/>
      </class>
      <code>
        <coding>
          <system value="http://snomed.info/sct"/>
          <code value="443390004"/>
          <display value="Refused (qualifier value)"/>
        </coding>
        <text value="Decline"/>
      </code>
    </provision>
  </provision>
</Consent>