<?xml version="1.0" encoding="UTF-8"?>

<ValueSet xmlns="http://hl7.org/fhir">
  <id value="ConsentExchangePolicies"/>
  <text>
    <status value="generated"/><div xmlns="http://www.w3.org/1999/xhtml"><p class="res-header-id"><b>Generated Narrative: ValueSet ConsentExchangePolicies</b></p><a name="ConsentExchangePolicies"> </a><a name="hcConsentExchangePolicies"> </a><a name="ConsentExchangePolicies-en-US"> </a><p>This value set includes codes based on the following rules:</p><ul><li>Include all codes defined in <code>http://mehi-ig.tranquildata.com/CodeSystem/PayorToPayorExchangePolicyCodes</code></li><li>Import all the codes that are contained in <a href="http://hl7.org/fhir/R4/valueset-consent-policy.html">Consent PolicyRule Codes</a></li></ul></div>
  </text>
  <url value="https://github.com/awatson1978/us-state-profiles/ValueSet/ConsentExchangePolicies"/>
  <version value="0.6.5"/>
  <name value="ConsentExchangePolicies"/>
  <title value="ConsentExchangePolicies"/>
  <status value="draft"/>
  <date value="2025-01-01T22:24:49-07:00"/>
  <publisher value="The MITRE Corporation"/>
  <contact>
    <name value="The MITRE Corporation"/>
    <telecom>
      <system value="url"/>
      <value value="https://github.com/awatson1978/us-state-profiles"/>
    </telecom>
  </contact>
  <description value="Consent Exchange - Policies"/>
  <compose>
    <include>
      <system value="http://mehi-ig.tranquildata.com/CodeSystem/PayorToPayorExchangePolicyCodes"/>
    </include>
    <include>
      <valueSet value="http://hl7.org/fhir/ValueSet/consent-policy"/>
    </include>
  </compose>
</ValueSet>