<?xml version="1.0" encoding="UTF-8"?>

<MedicationRequest xmlns="http://hl7.org/fhir">
  <id value="medreq-22348957"/>
  <text>
    <status value="generated"/><div xmlns="http://www.w3.org/1999/xhtml"><p><b>Generated Narrative</b></p><div style="display: inline-block; background-color: #d9e0e7; padding: 6px; margin: 4px; border: 1px solid #8da1b4; border-radius: 5px; line-height: 60%"><p style="margin-bottom: 0px">Resource "medreq-22348957" </p></div><p><b>status</b>: active</p><p><b>intent</b>: plan</p><p><b>medication</b>: <a href="Medication-estrodiol-contraceptive.html">Medication/estrodiol-contraceptive: Estradiol</a></p><p><b>subject</b>: <a href="Patient-jennifer-smith.html">Patient/jennifer-smith: SMITH, JENNIFER</a> " SMITH"</p><p><b>authoredOn</b>: 2020-09-02</p><p><b>requester</b>: <a href="Practitioner-practitioner-alice-yin.html">Practitioner/practitioner-alice-yin: YIN, ALICE</a> " YIN"</p></div>
  </text>
  <status value="active"/>
  <intent value="plan"/>
  <medicationReference>
    <reference value="Medication/estrodiol-contraceptive"/>
    <display value="Estradiol"/>
  </medicationReference>
  <subject>
    <reference value="Patient/jennifer-smith"/>
    <display value="SMITH, JENNIFER"/>
  </subject>
  <authoredOn value="2020-09-02"/>
  <requester>
    <reference value="Practitioner/practitioner-alice-yin"/>
    <display value="YIN, ALICE"/>
  </requester>
</MedicationRequest>