<?xml version="1.0" encoding="UTF-8"?>

<Consent xmlns="http://hl7.org/fhir">
  <id value="johnsmith-consent-org-acme-insurance"/>
  <meta>
    <versionId value="1"/>
    <lastUpdated value="2021-07-01T00:00:00.0000+00:00"/>
    <profile value="http://hl7.org/fhir/us/sdoh-clinicalcare/StructureDefinition/SDOHCC-Consent-Base-1"/>
  </meta>
  <text>
    <status value="generated"/><div xmlns="http://www.w3.org/1999/xhtml"><p><b>Generated Narrative</b></p><p><b>status</b>: active</p><p><b>scope</b>: <span title="Codes: {http://terminology.hl7.org/CodeSystem/consentscope patient-privacy}">Privacy Consent</span></p><p><b>category</b>: <span title="Codes: {http://terminology.hl7.org/CodeSystem/v3-ActCode IDSCL}">information disclosure</span></p><p><b>patient</b>: <a href="Patient-patient-john-smith.html">SMITH, JOHN. Generated Summary: Medical Record Number: 2002501 (USUAL); active; JOHN SMITH ; Phone: 555-555-5553; gender: male; birthDate: 1980-04-14</a></p><p><b>dateTime</b>: 2013-02-01</p><p><b>organization</b>: <a href="http://fhir.org/packages/us.nlm.vsac/Organization/plentyrx/expansion">Plenty RX</a></p><p><b>policyRule</b>: <span title="Codes: {http://terminology.hl7.org/CodeSystem/consentpolicycodes hipaa-auth}">HIPAA Authorization</span></p><blockquote><p><b>provision</b></p><p><b>type</b>: permit</p><p><b>period</b>: 2021-01-01 --&gt; (ongoing)</p><h3>Actors</h3><table class="grid"><tr><td>-</td><td><b>Role</b></td><td><b>Reference</b></td></tr><tr><td>*</td><td><span title="Codes: {http://terminology.hl7.org/CodeSystem/v3-RoleClass AFFL}">affiliate</span></td><td><a href="Organization-org-acme-insurance.html">ACME Insurance. Generated Summary: active; name: ACME Insurance</a></td></tr></table><p><b>action</b>: <span title="Codes: {http://terminology.hl7.org/CodeSystem/consentaction access}">Access</span></p></blockquote></div>
  </text>
  <status value="active"/>
  <scope>
    <coding>
      <system value="http://terminology.hl7.org/CodeSystem/consentscope"/>
      <code value="patient-privacy"/>
      <display value="Privacy Consent"/>
    </coding>
  </scope>
  <category>
    <coding>
      <system value="http://terminology.hl7.org/CodeSystem/v3-ActCode"/>
      <code value="IDSCL"/>
      <display value="information disclosure"/>
    </coding>
  </category>
  <patient>
    <reference value="Patient/patient-john-smith"/>
    <display value="SMITH, JOHN"/>
  </patient>
  <dateTime value="2013-02-01"/>
  <organization>
    <reference value="Organization/plentyrx"/>
    <display value="Plenty RX"/>
  </organization>
  <policyRule>
    <coding>
      <system value="http://terminology.hl7.org/CodeSystem/consentpolicycodes"/>
      <code value="hipaa-auth"/>
      <display value="HIPAA Authorization"/>
    </coding>
  </policyRule>
  <provision>
    <type value="permit"/>
    <period>
      <start value="2021-01-01"/>
    </period>
    <actor>
      <role>
        <coding>
          <system value="http://terminology.hl7.org/CodeSystem/v3-RoleClass"/>
          <code value="AFFL"/>
          <display value="affiliate"/>
        </coding>
      </role>
      <reference>
        <reference value="Organization/org-acme-insurance"/>
        <display value="ACME Insurance"/>
      </reference>
    </actor>
    <action>
      <coding>
        <system value="http://terminology.hl7.org/CodeSystem/consentaction"/>
        <code value="access"/>
        <display value="Access"/>
      </coding>
      <text value="Access"/>
    </action>
  </provision>
</Consent>