<?xml version="1.0" encoding="UTF-8"?>

<Consent xmlns="http://hl7.org/fhir">
  <id value="jennifersmith-al-1"/>
  <meta>
    <versionId value="1"/>
    <lastUpdated value="2017-04-17T00:00:00.0000+00:00"/>
    <source value="node-on-fhir.mitre.org#mehi-consent-engine"/>
    <profile value="http://hl7.org/fhir/us/sdoh-clinicalcare/StructureDefinition/SDOHCC-Consent-Base-1"/>
  </meta>
  <text>
    <status value="generated"/><div xmlns="http://www.w3.org/1999/xhtml"><p><b>Generated Narrative</b></p><p><b>status</b>: active</p><p><b>scope</b>: <span title="Codes: {http://terminology.hl7.org/CodeSystem/consentscope patient-privacy}">Privacy Consent</span></p><p><b>category</b>: <span title="Codes: {http://terminology.hl7.org/CodeSystem/v3-ActCode IDSCL}">information disclosure</span></p><p><b>patient</b>: <a href="Patient-jennifer-smith.html">SMITH, JENNIFER. Generated Summary: Medical Record Number: 1042501 (USUAL); active; JENNIFER SMITH ; Phone: 555-555-5555; gender: female; birthDate: 2005-02-20</a></p><p><b>dateTime</b>: 2017-04-17</p><p><b>organization</b>: <a href="Organization-org-together-health.html">Together Health. Generated Summary: active; name: Together Health</a></p><p><b>policyRule</b>: <span title="Codes: {http://terminology.hl7.org/CodeSystem/consentpolicycodes hipaa-auth}">HIPAA Authorization</span></p><blockquote><p><b>provision</b></p><p><b>type</b>: permit</p><p><b>period</b>: 2017-04-17 --&gt; (ongoing)</p><blockquote><p><b>actor</b></p><p><b>role</b>: <span title="Codes: {http://terminology.hl7.org/CodeSystem/contractsignertypecodes EVTWIT}">Event Witness</span></p><p><b>reference</b>: <a href="http://fhir.org/packages/us.nlm.vsac/Pracitioner/practitioner-bernard-shuman/expansion">SHUMAN, BERNARD</a></p></blockquote><blockquote><p><b>actor</b></p><p><b>role</b>: <span title="Codes: {http://terminology.hl7.org/CodeSystem/contractsignertypecodes EVTWIT}">Event Witness</span></p><p><b>reference</b>: <a href="RelatedPerson-related-person-jane-smith.html">SMITH, JANE. Generated Summary: active; <span title="Codes: {http://hl7.org/fhir/CodeSystem/relatedperson-relationshiptype MTH}">mother</span>, <span title="Codes: {http://hl7.org/fhir/CodeSystem/consent-exchange-relationships Parent}">Parent</span>; JANE SMITH ; Phone: 555-555-5554; gender: female; birthDate: 1981-01-10</a></p></blockquote><p><b>action</b>: <span title="Codes: {http://terminology.hl7.org/CodeSystem/consentaction collect}">Collect</span>, <span title="Codes: {http://terminology.hl7.org/CodeSystem/consentaction access}">Access</span>, <span title="Codes: {http://terminology.hl7.org/CodeSystem/consentaction correct}">Access and Correct</span></p></blockquote></div>
  </text>
  <status value="active"/>
  <scope>
    <coding>
      <system value="http://terminology.hl7.org/CodeSystem/consentscope"/>
      <code value="patient-privacy"/>
      <display value="Privacy Consent"/>
    </coding>
  </scope>
  <category>
    <coding>
      <system value="http://terminology.hl7.org/CodeSystem/v3-ActCode"/>
      <code value="IDSCL"/>
      <display value="information disclosure"/>
    </coding>
  </category>
  <patient>
    <reference value="Patient/jennifer-smith"/>
    <display value="SMITH, JENNIFER"/>
  </patient>
  <dateTime value="2017-04-17"/>
  <organization>
    <reference value="Organization/org-together-health"/>
    <display value="Together Health"/>
  </organization>
  <policyRule>
    <coding>
      <system value="http://terminology.hl7.org/CodeSystem/consentpolicycodes"/>
      <code value="hipaa-auth"/>
      <display value="HIPAA Authorization"/>
    </coding>
  </policyRule>
  <provision>
    <type value="permit"/>
    <period>
      <start value="2017-04-17"/>
    </period>
    <actor>
      <role>
        <coding>
          <system value="http://terminology.hl7.org/CodeSystem/contractsignertypecodes"/>
          <code value="EVTWIT"/>
          <display value="Event Witness"/>
        </coding>
      </role>
      <reference>
        <reference value="Pracitioner/practitioner-bernard-shuman"/>
        <display value="SHUMAN, BERNARD"/>
      </reference>
    </actor>
    <actor>
      <role>
        <coding>
          <system value="http://terminology.hl7.org/CodeSystem/contractsignertypecodes"/>
          <code value="EVTWIT"/>
          <display value="Event Witness"/>
        </coding>
      </role>
      <reference>
        <reference value="RelatedPerson/related-person-jane-smith"/>
        <display value="SMITH, JANE"/>
      </reference>
    </actor>
    <action>
      <coding>
        <system value="http://terminology.hl7.org/CodeSystem/consentaction"/>
        <code value="collect"/>
        <display value="Collect"/>
      </coding>
      <text value="Collect"/>
    </action>
    <action>
      <coding>
        <system value="http://terminology.hl7.org/CodeSystem/consentaction"/>
        <code value="access"/>
        <display value="Access"/>
      </coding>
      <text value="Access"/>
    </action>
    <action>
      <coding>
        <system value="http://terminology.hl7.org/CodeSystem/consentaction"/>
        <code value="correct"/>
        <display value="Access and Correct"/>
      </coding>
      <text value="Access and Correct"/>
    </action>
  </provision>
</Consent>