<?xml version="1.0" encoding="UTF-8"?>

<MedicationRequest xmlns="http://hl7.org/fhir">
  <id value="medreq-22348957"/>
  <text>
    <status value="generated"/><div xmlns="http://www.w3.org/1999/xhtml"><p><b>Generated Narrative</b></p><p><b>status</b>: active</p><p><b>intent</b>: plan</p><p><b>medication</b>: <a href="Medication-estrodiol-contraceptive.html">Estradiol. Generated Summary: status: active; <span title="Codes: {http://snomed.info/sct 385055001}">Tablet dose form (qualifier value)</span></a></p><p><b>subject</b>: <a href="Patient-jennifer-smith.html">SMITH, JENNIFER. Generated Summary: Medical Record Number: 1042501 (USUAL); active; JENNIFER SMITH ; Phone: 555-555-5555; gender: female; birthDate: 2005-02-20</a></p><p><b>authoredOn</b>: 2020-09-02</p><p><b>requester</b>: <a href="Practitioner-practitioner-alice-yin.html">YIN, ALICE. Generated Summary: active; ALICE YIN ; Phone: 555-555-8818; gender: female; birthDate: 1972-09-04</a></p></div>
  </text>
  <status value="active"/>
  <intent value="plan"/>
  <medicationReference>
    <reference value="Medication/estrodiol-contraceptive"/>
    <display value="Estradiol"/>
  </medicationReference>
  <subject>
    <reference value="Patient/jennifer-smith"/>
    <display value="SMITH, JENNIFER"/>
  </subject>
  <authoredOn value="2020-09-02"/>
  <requester>
    <reference value="Practitioner/practitioner-alice-yin"/>
    <display value="YIN, ALICE"/>
  </requester>
</MedicationRequest>