<?xml version="1.0" encoding="UTF-8"?>

<Medication xmlns="http://hl7.org/fhir">
  <id value="estrodiol-contraceptive"/>
  <text>
    <status value="generated"/><div xmlns="http://www.w3.org/1999/xhtml"><p><b>Generated Narrative</b></p><p><b>status</b>: active</p><p><b>form</b>: <span title="Codes: {http://snomed.info/sct 385055001}">Tablet dose form (qualifier value)</span></p><h3>Ingredients</h3><table class="grid"><tr><td>-</td><td><b>Item[x]</b></td><td><b>Strength</b></td></tr><tr><td>*</td><td><span title="Codes: {http://www.nlm.nih.gov/research/umls/rxnorm 24395}">Estradiol valerate</span></td><td>2 mg/1 TAB</td></tr></table></div>
  </text>
  <status value="active"/>
  <form>
    <coding>
      <system value="http://snomed.info/sct"/>
      <code value="385055001"/>
      <display value="Tablet dose form (qualifier value)"/>
    </coding>
  </form>
  <ingredient>
    <itemCodeableConcept>
      <coding>
        <system value="http://www.nlm.nih.gov/research/umls/rxnorm"/>
        <code value="24395"/>
        <display value="Estradiol valerate"/>
      </coding>
    </itemCodeableConcept>
    <strength>
      <numerator>
        <value value="2"/>
        <system value="http://unitsofmeasure.org"/>
        <code value="mg"/>
      </numerator>
      <denominator>
        <value value="1"/>
        <system value="http://terminology.hl7.org/CodeSystem/v3-orderableDrugForm"/>
        <code value="TAB"/>
      </denominator>
    </strength>
  </ingredient>
</Medication>