{
  "resourceType": "MedicationRequest",
  "id": "medreq-1234557",
  "text": {
    "status": "generated",
    "div": "<div xmlns=\"http://www.w3.org/1999/xhtml\"><p><b>Generated Narrative</b></p><p><b>status</b>: active</p><p><b>intent</b>: plan</p><p><b>medication</b>: <a href=\"Medication-estrodiol-contraceptive.html\">Estradiol. Generated Summary: status: active; <span title=\"Codes: {http://snomed.info/sct 385055001}\">Tablet dose form (qualifier value)</span></a></p><p><b>subject</b>: <a href=\"Patient-jennifer-smith.html\">SMITH, JENNIFER. Generated Summary: Medical Record Number: 1042501 (USUAL); active; JENNIFER SMITH ; Phone: 555-555-5555; gender: female; birthDate: 2005-02-20</a></p><p><b>authoredOn</b>: 2017-04-17</p><p><b>requester</b>: <a href=\"Practitioner-practitioner-bernard-shuman.html\">SHUMAN, BERNARD. Generated Summary: active; BERNARD SHUMAN ; Phone: 555-555-1120; gender: male; birthDate: 1965-03-24</a></p></div>"
  },
  "status": "active",
  "intent": "plan",
  "medicationReference": {
    "reference": "Medication/estrodiol-contraceptive",
    "display": "Estradiol"
  },
  "subject": {
    "reference": "Patient/jennifer-smith",
    "display": "SMITH, JENNIFER"
  },
  "authoredOn": "2017-04-17",
  "requester": {
    "reference": "Practitioner/practitioner-bernard-shuman",
    "display": "SHUMAN, BERNARD"
  }
}