<?xml version="1.0" encoding="UTF-8"?>

<Organization xmlns="http://hl7.org/fhir">
  <id value="org-mass-community-insurance"/>
  <meta>
    <versionId value="1"/>
    <profile value="http://hl7.org/fhir/us/core/StructureDefinition/us-core-organization"/>
  </meta>
  <text>
    <status value="generated"/><div xmlns="http://www.w3.org/1999/xhtml"><p><b>Generated Narrative</b></p><p><b>active</b>: true</p><p><b>name</b>: Massachusetts Community Insurance</p></div>
  </text>
  <active value="true"/>
  <name value="Massachusetts Community Insurance"/>
</Organization>