<?xml version="1.0" encoding="UTF-8"?>

<Patient xmlns="http://hl7.org/fhir">
  <id value="patient-john-smith"/>
  <meta>
    <profile value="http://mehi-ig.tranquildata.com/StructureDefinition/consent-exchange-patient"/>
  </meta>
  <text>
    <status value="extensions"/><div xmlns="http://www.w3.org/1999/xhtml"><p><b>Generated Narrative</b></p><blockquote><p><b>US Core Race Extension</b></p><p><b>value</b>: <span title="{urn:oid:2.16.840.1.113883.6.238 2106-3}">White</span></p></blockquote><blockquote><p><b>US Core Ethnicity Extension</b></p><p><b>value</b>: <span title="{urn:oid:2.16.840.1.113883.6.238 2135-2}">Hispanic or Latino</span></p><p><b>value</b>: <span title="{urn:oid:2.16.840.1.113883.6.238 2184-0}">Dominican</span></p><p><b>value</b>: <span title="{urn:oid:2.16.840.1.113883.6.238 2148-5}">Mexican</span></p><p><b>value</b>: Hispanic or Latino</p></blockquote><p><b>US Core Birth Sex Extension</b>: M</p><p><b>identifier</b>: Medical Record Number: 2002501 (USUAL)</p><p><b>active</b>: true</p><p><b>name</b>: JOHN SMITH </p><p><b>telecom</b>: ph: 555-555-5553(HOME)</p><p><b>gender</b>: male</p><p><b>birthDate</b>: 1980-04-14</p><p><b>address</b>: </p><ul><li>49 Meadow St Birmingham AL 35242 US </li><li>183 Harbor View St Boston MA 02101 US </li></ul></div>
  </text>
  <extension url="http://hl7.org/fhir/us/core/StructureDefinition/us-core-race">
    <extension url="ombCategory">
      <valueCoding>
        <system value="urn:oid:2.16.840.1.113883.6.238"/>
        <code value="2106-3"/>
        <display value="White"/>
      </valueCoding>
    </extension>
  </extension>
  <extension url="http://hl7.org/fhir/us/core/StructureDefinition/us-core-ethnicity">
    <extension url="ombCategory">
      <valueCoding>
        <system value="urn:oid:2.16.840.1.113883.6.238"/>
        <code value="2135-2"/>
        <display value="Hispanic or Latino"/>
      </valueCoding>
    </extension>
    <extension url="detailed">
      <valueCoding>
        <system value="urn:oid:2.16.840.1.113883.6.238"/>
        <code value="2184-0"/>
        <display value="Dominican"/>
      </valueCoding>
    </extension>
    <extension url="detailed">
      <valueCoding>
        <system value="urn:oid:2.16.840.1.113883.6.238"/>
        <code value="2148-5"/>
        <display value="Mexican"/>
      </valueCoding>
    </extension>
    <extension url="text">
      <valueString value="Hispanic or Latino"/>
    </extension>
  </extension>
  <extension url="http://hl7.org/fhir/us/core/StructureDefinition/us-core-birthsex">
    <valueCode value="M"/>
  </extension>
  <identifier>
    <use value="usual"/>
    <type>
      <coding>
        <system value="http://terminology.hl7.org/CodeSystem/v2-0203"/>
        <code value="MR"/>
        <display value="Medical Record Number"/>
      </coding>
      <text value="Medical Record Number"/>
    </type>
    <system value="http://hospital.smarthealthit.org"/>
    <value value="2002501"/>
  </identifier>
  <active value="true"/>
  <name>
    <family value="SMITH"/>
    <given value="JOHN"/>
  </name>
  <telecom>
    <system value="phone"/>
    <value value="555-555-5553"/>
    <use value="home"/>
  </telecom>
  <gender value="male"/>
  <birthDate value="1980-04-14"/>
  <address>
    <line value="49 Meadow St"/>
    <city value="Birmingham"/>
    <state value="AL"/>
    <postalCode value="35242"/>
    <country value="US"/>
    <period>
      <start value="2005-02-20"/>
      <end value="2020-06-01"/>
    </period>
  </address>
  <address>
    <line value="183 Harbor View St"/>
    <city value="Boston"/>
    <state value="MA"/>
    <postalCode value="02101"/>
    <country value="US"/>
    <period>
      <start value="2020-06-15"/>
    </period>
  </address>
</Patient>