<?xml version="1.0" encoding="UTF-8"?>

<Practitioner xmlns="http://hl7.org/fhir">
  <id value="practitioner-alice-yin"/>
  <text>
    <status value="generated"/><div xmlns="http://www.w3.org/1999/xhtml"><p><b>Generated Narrative</b></p><p><b>active</b>: true</p><p><b>name</b>: ALICE YIN </p><p><b>telecom</b>: ph: 555-555-8818(HOME)</p><p><b>address</b>: 1235 Bay Ave. Boston MA 02101 US </p><p><b>gender</b>: female</p><p><b>birthDate</b>: 1972-09-04</p></div>
  </text>
  <active value="true"/>
  <name>
    <family value="YIN"/>
    <given value="ALICE"/>
  </name>
  <telecom>
    <system value="phone"/>
    <value value="555-555-8818"/>
    <use value="home"/>
  </telecom>
  <address>
    <line value="1235 Bay Ave."/>
    <city value="Boston"/>
    <state value="MA"/>
    <postalCode value="02101"/>
    <country value="US"/>
  </address>
  <gender value="female"/>
  <birthDate value="1972-09-04"/>
</Practitioner>