{
  "resourceType": "Practitioner",
  "id": "practitioner-bernard-shuman",
  "text": {
    "status": "generated",
    "div": "<div xmlns=\"http://www.w3.org/1999/xhtml\"><p><b>Generated Narrative</b></p><p><b>active</b>: true</p><p><b>name</b>: BERNARD SHUMAN </p><p><b>telecom</b>: ph: 555-555-1120(HOME)</p><p><b>address</b>: 1120 Maple St Birmingham AL 35242 US </p><p><b>gender</b>: male</p><p><b>birthDate</b>: 1965-03-24</p></div>"
  },
  "active": true,
  "name": [
    {
      "family": "SHUMAN",
      "given": [
        "BERNARD"
      ]
    }
  ],
  "telecom": [
    {
      "system": "phone",
      "value": "555-555-1120",
      "use": "home"
    }
  ],
  "address": [
    {
      "line": [
        "1120 Maple St"
      ],
      "city": "Birmingham",
      "state": "AL",
      "postalCode": "35242",
      "country": "US"
    }
  ],
  "gender": "male",
  "birthDate": "1965-03-24"
}