{
  "resourceType": "RelatedPerson",
  "id": "related-person-jane-smith-wife",
  "meta": {
    "profile": [
      "http://mehi-ig.tranquildata.com/StructureDefinition/consent-exchange-related-person"
    ]
  },
  "text": {
    "status": "generated",
    "div": "<div xmlns=\"http://www.w3.org/1999/xhtml\"><p><b>Generated Narrative</b></p><p><b>active</b>: true</p><p><b>patient</b>: <a href=\"http://fhir.org/packages/us.nlm.vsac/Patient/john-smith/expansion\">John Smith</a></p><p><b>relationship</b>: <span title=\"Codes: {http://hl7.org/fhir/CodeSystem/relatedperson-relationshiptype WIFE}\">wife</span>, <span title=\"Codes: {http://hl7.org/fhir/CodeSystem/consent-exchange-relationships Spouse}\">Spouse</span></p><p><b>name</b>: JANE SMITH</p><p><b>gender</b>: female</p><p><b>birthDate</b>: 1981-01-10</p></div>"
  },
  "active": true,
  "patient": {
    "reference": "Patient/john-smith",
    "display": "John Smith"
  },
  "relationship": [
    {
      "coding": [
        {
          "system": "http://hl7.org/fhir/CodeSystem/relatedperson-relationshiptype",
          "code": "WIFE",
          "display": "wife"
        }
      ],
      "text": "wife"
    },
    {
      "coding": [
        {
          "system": "http://hl7.org/fhir/CodeSystem/consent-exchange-relationships",
          "code": "Spouse",
          "display": "Spouse"
        }
      ],
      "text": "Spouse"
    }
  ],
  "name": [
    {
      "family": "SMITH",
      "given": [
        "JANE"
      ]
    }
  ],
  "gender": "female",
  "birthDate": "1981-01-10"
}