{
  "package": "mehi.ig.fhir",
  "version": "0.5.2",
  "fhirVersion": "4.0.1",
  "extensions": [],
  "profiles": {
    "CareTeam": [
      {
        "url": "http://mehi-ig.tranquildata.com/StructureDefinition/consent-exchange-careteam",
        "title": "ConsentExchangeCareTeam"
      }
    ],
    "Consent": [
      {
        "url": "http://mehi-ig.tranquildata.com/StructureDefinition/consent-exchange-consent",
        "title": "ConsentExchangeConsent"
      }
    ],
    "Organization": [
      {
        "url": "http://mehi-ig.tranquildata.com/StructureDefinition/consent-exchange-organization",
        "title": "ConsentExchangeOrganization"
      }
    ],
    "Patient": [
      {
        "url": "http://mehi-ig.tranquildata.com/StructureDefinition/consent-exchange-patient",
        "title": "ConsentExchangePatient"
      }
    ],
    "Practitioner": [
      {
        "url": "http://mehi-ig.tranquildata.com/StructureDefinition/consent-exchange-practitioner",
        "title": "ConsentExchangePractitioner"
      }
    ],
    "RelatedPerson": [
      {
        "url": "http://mehi-ig.tranquildata.com/StructureDefinition/consent-exchange-related-person",
        "title": "ConsentExchangeRelatedPerson"
      }
    ]
  },
  "usage": {
    "http://hl7.org/fhir/StructureDefinition/elementdefinition-bestpractice": [
      "StructureDefinition.snapshot.element.constraint"
    ],
    "http://hl7.org/fhir/StructureDefinition/elementdefinition-bestpractice-explanation": [
      "StructureDefinition.snapshot.element.constraint"
    ],
    "http://hl7.org/fhir/StructureDefinition/elementdefinition-bindingName": [
      "StructureDefinition.snapshot.element.binding"
    ],
    "http://hl7.org/fhir/StructureDefinition/elementdefinition-isCommonBinding": [
      "StructureDefinition.snapshot.element.binding"
    ],
    "http://hl7.org/fhir/StructureDefinition/elementdefinition-maxValueSet": [
      "StructureDefinition.snapshot.element.binding"
    ],
    "http://hl7.org/fhir/StructureDefinition/patient-birthPlace": [
      "Patient"
    ],
    "http://hl7.org/fhir/StructureDefinition/structuredefinition-category": [
      "StructureDefinition"
    ],
    "http://hl7.org/fhir/StructureDefinition/structuredefinition-explicit-type-name": [
      "StructureDefinition.snapshot.element"
    ],
    "http://hl7.org/fhir/StructureDefinition/structuredefinition-fhir-type": [
      "StructureDefinition.snapshot.element.type"
    ],
    "http://hl7.org/fhir/StructureDefinition/structuredefinition-hierarchy": [
      "StructureDefinition.snapshot.element.type"
    ],
    "http://hl7.org/fhir/StructureDefinition/structuredefinition-security-category": [
      "StructureDefinition"
    ],
    "http://hl7.org/fhir/tools/StructureDefinition/ig-parameter": [
      "ImplementationGuide.definition"
    ],
    "http://hl7.org/fhir/tools/StructureDefinition/resource-information": [
      "ImplementationGuide.definition.resource"
    ],
    "http://hl7.org/fhir/us/core/StructureDefinition/us-core-birthsex": [
      "Bundle.entry.resource",
      "Patient",
      "RelatedPerson"
    ],
    "http://hl7.org/fhir/us/core/StructureDefinition/us-core-ethnicity": [
      "Bundle.entry.resource",
      "Patient",
      "RelatedPerson"
    ],
    "http://hl7.org/fhir/us/core/StructureDefinition/us-core-race": [
      "Bundle.entry.resource",
      "Patient",
      "RelatedPerson"
    ]
  }
}