{"resourceType":"CodeSystem","id":"CmsInteroperabilityPolicyCodes","text":{"status":"generated","div":"<div xmlns=\"http://www.w3.org/1999/xhtml\"><p>This code system http://consent-engine-ig.awatson.mitre.org/CodeSystem/CmsInteroperabilityPolicyCodes defines the following codes:</p><table class=\"codes\"><tr><td style=\"white-space:nowrap\"><b>Code</b></td><td><b>Display</b></td></tr><tr><td style=\"white-space:nowrap\">CMS-9115-F.III<a name=\"CmsInteroperabilityPolicyCodes-CMS-9115-F.46III\"> </a></td><td>Provisions of Patient Access Through APIs</td></tr><tr><td style=\"white-space:nowrap\">CMS-9115-F.IV<a name=\"CmsInteroperabilityPolicyCodes-CMS-9115-F.46IV\"> </a></td><td>API Access to Published Provider Directory Data Provisions</td></tr><tr><td style=\"white-space:nowrap\">CMS-9115-F.V<a name=\"CmsInteroperabilityPolicyCodes-CMS-9115-F.46V\"> </a></td><td>Health Information Exchange and Care Coordination Across Payers</td></tr><tr><td style=\"white-space:nowrap\">CMS-9115-F.VI<a name=\"CmsInteroperabilityPolicyCodes-CMS-9115-F.46VI\"> </a></td><td>Care Coordination Through Trusted Exchange Networks</td></tr><tr><td style=\"white-space:nowrap\">CMS-9115-F.VII<a name=\"CmsInteroperabilityPolicyCodes-CMS-9115-F.46VII\"> </a></td><td>Improving the Medicare-Medicaid Dually Eligible Experience</td></tr><tr><td style=\"white-space:nowrap\">CMS-9115-F.VIII<a name=\"CmsInteroperabilityPolicyCodes-CMS-9115-F.46VIII\"> </a></td><td>Information Blocking Background and Public Reporting</td></tr><tr><td style=\"white-space:nowrap\">CMS-9115-F.IX<a name=\"CmsInteroperabilityPolicyCodes-CMS-9115-F.46IX\"> </a></td><td>Provider Digital Contact Information</td></tr><tr><td style=\"white-space:nowrap\">CMS-9115-F.X<a name=\"CmsInteroperabilityPolicyCodes-CMS-9115-F.46X\"> </a></td><td>Conditions of Participation for Hospitals and Critical Access Hospitals</td></tr></table></div>"},"url":"http://consent-engine-ig.awatson.mitre.org/CodeSystem/CmsInteroperabilityPolicyCodes","version":"0.3.6","name":"CmsInteroperabilityPolicyCodes","title":"CmsInteroperabilityPolicyCodes","status":"active","date":"2022-01-16T23:39:42-06:00","publisher":"MITRE, Inc","contact":[{"name":"MITRE, Inc","telecom":[{"system":"url","value":"https://gitlab.mitre.org/awatson/consent-engine-ig"}]}],"description":"Policy provisions defined under CMS-9115-F, CMS Interoperability and Patient Access final rule","content":"complete","count":8,"concept":[{"code":"CMS-9115-F.III","display":"Provisions of Patient Access Through APIs"},{"code":"CMS-9115-F.IV","display":"API Access to Published Provider Directory Data Provisions"},{"code":"CMS-9115-F.V","display":"Health Information Exchange and Care Coordination Across Payers"},{"code":"CMS-9115-F.VI","display":"Care Coordination Through Trusted Exchange Networks"},{"code":"CMS-9115-F.VII","display":"Improving the Medicare-Medicaid Dually Eligible Experience"},{"code":"CMS-9115-F.VIII","display":"Information Blocking Background and Public Reporting"},{"code":"CMS-9115-F.IX","display":"Provider Digital Contact Information"},{"code":"CMS-9115-F.X","display":"Conditions of Participation for Hospitals and Critical Access Hospitals"}]}