{"resourceType":"CodeSystem","id":"ConsentExchangeRelationships","text":{"status":"generated","div":"<div xmlns=\"http://www.w3.org/1999/xhtml\"><p>This code system http://consent-engine-ig.awatson.mitre.org/CodeSystem/ConsentExchangeRelationships defines the following codes:</p><table class=\"codes\"><tr><td style=\"white-space:nowrap\"><b>Code</b></td></tr></table></div>"},"url":"http://consent-engine-ig.awatson.mitre.org/CodeSystem/ConsentExchangeRelationships","version":"0.3.6","name":"ConsentExchangeRelationships","title":"ConsentExchangeRelationships","status":"active","date":"2022-01-17T10:37:50-06:00","publisher":"MITRE, Inc","contact":[{"name":"MITRE, Inc","telecom":[{"system":"url","value":"https://gitlab.mitre.org/awatson/consent-engine-ig"}]}],"description":"Relationships used to model and exchange consent relationships","content":"complete"}