{"resourceType":"ImplementationGuide","id":"mehi.ig.fhir","text":{"status":"extensions","div":"<div xmlns=\"http://www.w3.org/1999/xhtml\"><h2>ConsentEngineIG</h2><p>The official URL for this implementation guide is: </p><pre>http://consent-engine-ig.awatson.mitre.org/ImplementationGuide/mehi.ig.fhir</pre></div>"},"url":"http://consent-engine-ig.awatson.mitre.org/ImplementationGuide/mehi.ig.fhir","version":"0.3.6","name":"ConsentEngineIG","status":"draft","date":"2022-01-16T23:39:42-06:00","publisher":"MITRE, Inc","contact":[{"name":"MITRE, Inc","telecom":[{"system":"url","value":"https://gitlab.mitre.org/awatson/consent-engine-ig"}]}],"packageId":"mehi.ig.fhir","license":"CC0-1.0","fhirVersion":["4.0.1"],"dependsOn":[{"id":"hl7_fhir_us_core","uri":"http://hl7.org/fhir/us/core/ImplementationGuide/hl7.fhir.us.core","packageId":"hl7.fhir.us.core","version":"3.2.0"}],"definition":{"extension":[{"extension":[{"url":"code","valueString":"copyrightyear"},{"url":"value","valueString":"2021+"}],"url":"http://hl7.org/fhir/tools/StructureDefinition/ig-parameter"},{"extension":[{"url":"code","valueString":"releaselabel"},{"url":"value","valueString":"ci-build"}],"url":"http://hl7.org/fhir/tools/StructureDefinition/ig-parameter"},{"extension":[{"url":"code","valueString":"path-liquid"},{"url":"value","valueString":"template/liquid"}],"url":"http://hl7.org/fhir/tools/StructureDefinition/ig-parameter"},{"extension":[{"url":"code","valueString":"path-liquid"},{"url":"value","valueString":"input/liquid"}],"url":"http://hl7.org/fhir/tools/StructureDefinition/ig-parameter"},{"extension":[{"url":"code","valueString":"path-qa"},{"url":"value","valueString":"temp/qa"}],"url":"http://hl7.org/fhir/tools/StructureDefinition/ig-parameter"},{"extension":[{"url":"code","valueString":"path-temp"},{"url":"value","valueString":"temp/pages"}],"url":"http://hl7.org/fhir/tools/StructureDefinition/ig-parameter"},{"extension":[{"url":"code","valueString":"path-output"},{"url":"value","valueString":"output"}],"url":"http://hl7.org/fhir/tools/StructureDefinition/ig-parameter"},{"extension":[{"url":"code","valueString":"path-suppressed-warnings"},{"url":"value","valueString":"input/ignoreWarnings.txt"}],"url":"http://hl7.org/fhir/tools/StructureDefinition/ig-parameter"},{"extension":[{"url":"code","valueString":"path-history"},{"url":"value","valueString":"http://consent-engine-ig.awatson.mitre.org/history.html"}],"url":"http://hl7.org/fhir/tools/StructureDefinition/ig-parameter"},{"extension":[{"url":"code","valueString":"template-html"},{"url":"value","valueString":"template-page.html"}],"url":"http://hl7.org/fhir/tools/StructureDefinition/ig-parameter"},{"extension":[{"url":"code","valueString":"template-md"},{"url":"value","valueString":"template-page-md.html"}],"url":"http://hl7.org/fhir/tools/StructureDefinition/ig-parameter"},{"extension":[{"url":"code","valueString":"apply-contact"},{"url":"value","valueString":"true"}],"url":"http://hl7.org/fhir/tools/StructureDefinition/ig-parameter"},{"extension":[{"url":"code","valueString":"apply-context"},{"url":"value","valueString":"true"}],"url":"http://hl7.org/fhir/tools/StructureDefinition/ig-parameter"},{"extension":[{"url":"code","valueString":"apply-copyright"},{"url":"value","valueString":"true"}],"url":"http://hl7.org/fhir/tools/StructureDefinition/ig-parameter"},{"extension":[{"url":"code","valueString":"apply-jurisdiction"},{"url":"value","valueString":"true"}],"url":"http://hl7.org/fhir/tools/StructureDefinition/ig-parameter"},{"extension":[{"url":"code","valueString":"apply-license"},{"url":"value","valueString":"true"}],"url":"http://hl7.org/fhir/tools/StructureDefinition/ig-parameter"},{"extension":[{"url":"code","valueString":"apply-publisher"},{"url":"value","valueString":"true"}],"url":"http://hl7.org/fhir/tools/StructureDefinition/ig-parameter"},{"extension":[{"url":"code","valueString":"apply-version"},{"url":"value","valueString":"true"}],"url":"http://hl7.org/fhir/tools/StructureDefinition/ig-parameter"},{"extension":[{"url":"code","valueString":"active-tables"},{"url":"value","valueString":"true"}],"url":"http://hl7.org/fhir/tools/StructureDefinition/ig-parameter"}],"grouping":[{"id":"-str-profile","name":"Structures: Resource Profiles","description":"These define constraints on FHIR resources for systems conforming to this implementation guide"},{"id":"-term-valueset","name":"Terminology: Value Sets","description":"These define sets of codes used by systems conforming to this implementation guide"},{"id":"-term-codesystem","name":"Terminology: Code Systems","description":"These define new code systems used by systems conforming to this implementation guide"},{"id":"-ex-example","name":"Example: Example Instances","description":"These are example instances that show what data produced and consumed by systems conforming with this implementation guide might look like"}],"resource":[{"extension":[{"url":"http://hl7.org/fhir/StructureDefinition/implementationguide-page","valueUri":"StructureDefinition-consent-exchange-careteam.html"}],"reference":{"reference":"StructureDefinition/consent-exchange-careteam"},"name":"ConsentExchangeCareTeam","description":"CareTeam resource for describing workflow actors and their relationships.","exampleBoolean":false,"groupingId":"-str-profile"},{"extension":[{"url":"http://hl7.org/fhir/StructureDefinition/implementationguide-page","valueUri":"StructureDefinition-consent-exchange-consent.html"}],"reference":{"reference":"StructureDefinition/consent-exchange-consent"},"name":"ConsentExchangeConsent","description":"Consent resource for describing actors in an payor-to-payor data exchange workflow.","exampleBoolean":false,"groupingId":"-str-profile"},{"extension":[{"url":"http://hl7.org/fhir/StructureDefinition/implementationguide-page","valueUri":"StructureDefinition-consent-exchange-organization.html"}],"reference":{"reference":"StructureDefinition/consent-exchange-organization"},"name":"ConsentExchangeOrganization","description":"Organization resource for describing actors in an payor-to-payor data exchange workflow.","exampleBoolean":false,"groupingId":"-str-profile"},{"extension":[{"url":"http://hl7.org/fhir/StructureDefinition/implementationguide-page","valueUri":"StructureDefinition-consent-exchange-patient.html"}],"reference":{"reference":"StructureDefinition/consent-exchange-patient"},"name":"ConsentExchangePatient","description":"Patient resource for describing actors in an payor-to-payor data exchange workflow.","exampleBoolean":false,"groupingId":"-str-profile"},{"extension":[{"url":"http://hl7.org/fhir/StructureDefinition/implementationguide-page","valueUri":"StructureDefinition-consent-exchange-practitioner.html"}],"reference":{"reference":"StructureDefinition/consent-exchange-practitioner"},"name":"ConsentExchangePractitioner","description":"Practitioner resource for describing actors in an payor-to-payor data exchange workflow.","exampleBoolean":false,"groupingId":"-str-profile"},{"extension":[{"url":"http://hl7.org/fhir/StructureDefinition/implementationguide-page","valueUri":"StructureDefinition-consent-exchange-related-person.html"}],"reference":{"reference":"StructureDefinition/consent-exchange-related-person"},"name":"ConsentExchangeRelatedPerson","description":"RelatedPerson resource for describing actors in an payor-to-payor data exchange workflow.","exampleBoolean":false,"groupingId":"-str-profile"},{"extension":[{"url":"http://hl7.org/fhir/StructureDefinition/implementationguide-page","valueUri":"ValueSet-consent-exchange-category-codes.html"}],"reference":{"reference":"ValueSet/consent-exchange-category-codes"},"name":"ConsentExchangeCategoryCodes","description":"Consent Exchange - Category Codes","exampleBoolean":false,"groupingId":"-term-valueset"},{"extension":[{"url":"http://hl7.org/fhir/StructureDefinition/implementationguide-page","valueUri":"ValueSet-ConsentExchangePolicies.html"}],"reference":{"reference":"ValueSet/ConsentExchangePolicies"},"name":"ConsentExchangePolicies","description":"Consent Exchange - Policies","exampleBoolean":false,"groupingId":"-term-valueset"},{"extension":[{"url":"http://hl7.org/fhir/StructureDefinition/implementationguide-page","valueUri":"ValueSet-ConsentExchangeRelations.html"}],"reference":{"reference":"ValueSet/ConsentExchangeRelations"},"name":"ConsentExchangeRelations","description":"Consent Exchange - Relationships","exampleBoolean":false,"groupingId":"-term-valueset"},{"extension":[{"url":"http://hl7.org/fhir/StructureDefinition/implementationguide-page","valueUri":"ValueSet-consent-exchange-scope-codes.html"}],"reference":{"reference":"ValueSet/consent-exchange-scope-codes"},"name":"ConsentExchangeScopeCodes","description":"Consent Exchange - Scope Codes","exampleBoolean":false,"groupingId":"-term-valueset"},{"extension":[{"url":"http://hl7.org/fhir/StructureDefinition/implementationguide-page","valueUri":"CodeSystem-CmsInteroperabilityPolicyCodes.html"}],"reference":{"reference":"CodeSystem/CmsInteroperabilityPolicyCodes"},"name":"CmsInteroperabilityPolicyCodes","description":"Policy provisions defined under CMS-9115-F, CMS Interoperability and Patient Access final rule","exampleBoolean":false,"groupingId":"-term-codesystem"},{"extension":[{"url":"http://hl7.org/fhir/StructureDefinition/implementationguide-page","valueUri":"CodeSystem-ConsentExchangeRelationships.html"}],"reference":{"reference":"CodeSystem/ConsentExchangeRelationships"},"name":"ConsentExchangeRelationships","description":"Relationships used to model and exchange consent relationships","exampleBoolean":false,"groupingId":"-term-codesystem"},{"extension":[{"url":"http://hl7.org/fhir/StructureDefinition/implementationguide-page","valueUri":"CodeSystem-PayorToPayorExchangePolicyCodes.html"}],"reference":{"reference":"CodeSystem/PayorToPayorExchangePolicyCodes"},"name":"PayorToPayorExchangePolicyCodes","description":"Policy codes used to define legal frameworks under which consent exchange occurs between payors.","exampleBoolean":false,"groupingId":"-term-codesystem"},{"extension":[{"url":"http://hl7.org/fhir/StructureDefinition/implementationguide-page","valueUri":"Bundle-Jennifer-Consents-MA.html"}],"reference":{"reference":"Bundle/Jennifer-Consents-MA"},"name":"Jennifer-Consents-MA","description":"Example of all Jennifer Smith consent records from Massachuesettes delivered delivered in a bundle of files.","exampleBoolean":true,"groupingId":"-ex-example"},{"extension":[{"url":"http://hl7.org/fhir/StructureDefinition/implementationguide-page","valueUri":"Consent-Jennifer-MA-Rollup.html"}],"reference":{"reference":"Consent/Jennifer-MA-Rollup"},"name":"jennifer-ma-rollup","description":"Example rollup of all Jennifer Smith consent records from Massachuesettes delivered in a single file.","exampleBoolean":true,"groupingId":"-ex-example"},{"extension":[{"url":"http://hl7.org/fhir/StructureDefinition/implementationguide-page","valueUri":"Medication-estrodiol-contraceptive.html"}],"reference":{"reference":"Medication/estrodiol-contraceptive"},"name":"estrodiol-contraceptive","description":"Contraceptive birth control medication.","exampleBoolean":true,"groupingId":"-ex-example"},{"extension":[{"url":"http://hl7.org/fhir/StructureDefinition/implementationguide-page","valueUri":"Consent-example1.html"}],"reference":{"reference":"Consent/example1"},"name":"example1","description":"Example 1","exampleBoolean":true,"groupingId":"-ex-example"},{"extension":[{"url":"http://hl7.org/fhir/StructureDefinition/implementationguide-page","valueUri":"Consent-example2.html"}],"reference":{"reference":"Consent/example2"},"name":"example2","description":"Example 2","exampleBoolean":true,"groupingId":"-ex-example"},{"extension":[{"url":"http://hl7.org/fhir/StructureDefinition/implementationguide-page","valueUri":"Patient-jane-doe.html"}],"reference":{"reference":"Patient/jane-doe"},"name":"jane-doe","description":"Jane Doe patient not part of relationship model, used for checking security access.","exampleCanonical":"http://consent-engine-ig.awatson.mitre.org/StructureDefinition/consent-exchange-patient","groupingId":"-ex-example"},{"extension":[{"url":"http://hl7.org/fhir/StructureDefinition/implementationguide-page","valueUri":"Patient-jennifer-smith.html"}],"reference":{"reference":"Patient/jennifer-smith"},"name":"jennifer-smith","description":"Jennifer Smith - Patient demographics record.","exampleCanonical":"http://consent-engine-ig.awatson.mitre.org/StructureDefinition/consent-exchange-patient","groupingId":"-ex-example"},{"extension":[{"url":"http://hl7.org/fhir/StructureDefinition/implementationguide-page","valueUri":"Consent-jennifersmith-al-1.html"}],"reference":{"reference":"Consent/jennifersmith-al-1"},"name":"jennifersmith-al-1","description":"Consent record from Alabama","exampleBoolean":true,"groupingId":"-ex-example"},{"extension":[{"url":"http://hl7.org/fhir/StructureDefinition/implementationguide-page","valueUri":"Consent-jennifersmith-ma-1.html"}],"reference":{"reference":"Consent/jennifersmith-ma-1"},"name":"jennifersmith-ma-1","description":"Consent record from Massachuesetts for treatment.","exampleBoolean":true,"groupingId":"-ex-example"},{"extension":[{"url":"http://hl7.org/fhir/StructureDefinition/implementationguide-page","valueUri":"Consent-jennifersmith-ma-2.html"}],"reference":{"reference":"Consent/jennifersmith-ma-2"},"name":"jennifersmith-ma-2","description":"Consent record from Massachuesetts for parental access.","exampleBoolean":true,"groupingId":"-ex-example"},{"extension":[{"url":"http://hl7.org/fhir/StructureDefinition/implementationguide-page","valueUri":"Consent-johnsmith-consent-mass-community-insurance.html"}],"reference":{"reference":"Consent/johnsmith-consent-mass-community-insurance"},"name":"johnsmith-consent-mass-community-insurance","description":"Consent for AMCE Insurance to share data with Mass.","exampleBoolean":true,"groupingId":"-ex-example"},{"extension":[{"url":"http://hl7.org/fhir/StructureDefinition/implementationguide-page","valueUri":"Consent-johnsmith-consent-org-acme-insurance.html"}],"reference":{"reference":"Consent/johnsmith-consent-org-acme-insurance"},"name":"johnsmith-consent-org-acme-insurance","description":"Consent for AMCE Insurance to access hospital data.","exampleBoolean":true,"groupingId":"-ex-example"},{"extension":[{"url":"http://hl7.org/fhir/StructureDefinition/implementationguide-page","valueUri":"Consent-johnsmith-consent-org-pillbox.html"}],"reference":{"reference":"Consent/johnsmith-consent-org-pillbox"},"name":"johnsmith-consent-org-pillbox","description":"Consent to access data for Pillbox app","exampleBoolean":true,"groupingId":"-ex-example"},{"extension":[{"url":"http://hl7.org/fhir/StructureDefinition/implementationguide-page","valueUri":"Consent-johnsmith-consent-plentyrx.html"}],"reference":{"reference":"Consent/johnsmith-consent-plentyrx"},"name":"johnsmith-consent-plentyrx","description":"Consent to access data for Pillbox app","exampleBoolean":true,"groupingId":"-ex-example"},{"extension":[{"url":"http://hl7.org/fhir/StructureDefinition/implementationguide-page","valueUri":"Consent-johnsmith-consent-plentyrx-revoke.html"}],"reference":{"reference":"Consent/johnsmith-consent-plentyrx-revoke"},"name":"johnsmith-consent-plentyrx-revoke","description":"Consent to access data for PlentyRx app after it was revoked.","exampleBoolean":true,"groupingId":"-ex-example"},{"extension":[{"url":"http://hl7.org/fhir/StructureDefinition/implementationguide-page","valueUri":"MedicationRequest-medreq-1234557.html"}],"reference":{"reference":"MedicationRequest/medreq-1234557"},"name":"medreq-1234557","description":"Medication prescription writtin in Alabama by Dr. Shuman","exampleBoolean":true,"groupingId":"-ex-example"},{"extension":[{"url":"http://hl7.org/fhir/StructureDefinition/implementationguide-page","valueUri":"MedicationRequest-medreq-22348957.html"}],"reference":{"reference":"MedicationRequest/medreq-22348957"},"name":"medreq-22348957","description":"Medication prescription writtin in Massachuesetts by Dr. Yin","exampleBoolean":true,"groupingId":"-ex-example"},{"extension":[{"url":"http://hl7.org/fhir/StructureDefinition/implementationguide-page","valueUri":"Organization-org-acme-insurance.html"}],"reference":{"reference":"Organization/org-acme-insurance"},"name":"org-acme-insurance","description":"ACME Insurance Company (Payor 1)","exampleBoolean":true,"groupingId":"-ex-example"},{"extension":[{"url":"http://hl7.org/fhir/StructureDefinition/implementationguide-page","valueUri":"Organization-org-mass-community-insurance.html"}],"reference":{"reference":"Organization/org-mass-community-insurance"},"name":"org-mass-community-insurance","description":"Massachusetts Community Insurance (Payor 2)","exampleBoolean":true,"groupingId":"-ex-example"},{"extension":[{"url":"http://hl7.org/fhir/StructureDefinition/implementationguide-page","valueUri":"Organization-org-pillbox.html"}],"reference":{"reference":"Organization/org-pillbox"},"name":"org-pillbox","description":"Online pharmacy organization that offers a mobile app.","exampleBoolean":true,"groupingId":"-ex-example"},{"extension":[{"url":"http://hl7.org/fhir/StructureDefinition/implementationguide-page","valueUri":"Organization-org-plentyrx.html"}],"reference":{"reference":"Organization/org-plentyrx"},"name":"org-plentyrx","description":"Online pharmacy organization that offers a mobile app.","exampleBoolean":true,"groupingId":"-ex-example"},{"extension":[{"url":"http://hl7.org/fhir/StructureDefinition/implementationguide-page","valueUri":"Organization-org-together-health.html"}],"reference":{"reference":"Organization/org-together-health"},"name":"org-together-health","description":"Clinical management software with patient portal.","exampleBoolean":true,"groupingId":"-ex-example"},{"extension":[{"url":"http://hl7.org/fhir/StructureDefinition/implementationguide-page","valueUri":"Patient-patient-john-smith.html"}],"reference":{"reference":"Patient/patient-john-smith"},"name":"patient-john-smith","description":"John Smith - Patient demographics record.","exampleCanonical":"http://consent-engine-ig.awatson.mitre.org/StructureDefinition/consent-exchange-patient","groupingId":"-ex-example"},{"extension":[{"url":"http://hl7.org/fhir/StructureDefinition/implementationguide-page","valueUri":"Practitioner-practitioner-alice-yin.html"}],"reference":{"reference":"Practitioner/practitioner-alice-yin"},"name":"practitioner-alice-yin","description":"Dr. Alice Yin - Clinical practitioner located in Massacheusetts.","exampleBoolean":true,"groupingId":"-ex-example"},{"extension":[{"url":"http://hl7.org/fhir/StructureDefinition/implementationguide-page","valueUri":"Practitioner-practitioner-bernard-shuman.html"}],"reference":{"reference":"Practitioner/practitioner-bernard-shuman"},"name":"practitioner-bernard-shuman","description":"Dr. Bernard Shuman - Clinical practitioner located in Alabama.","exampleBoolean":true,"groupingId":"-ex-example"},{"extension":[{"url":"http://hl7.org/fhir/StructureDefinition/implementationguide-page","valueUri":"RelatedPerson-related-person-jane-smith.html"}],"reference":{"reference":"RelatedPerson/related-person-jane-smith"},"name":"related-person-jane-smith","description":"Jane Smith - Parental relationship record.","exampleBoolean":true,"groupingId":"-ex-example"},{"extension":[{"url":"http://hl7.org/fhir/StructureDefinition/implementationguide-page","valueUri":"RelatedPerson-related-person-jane-smith-wife.html"}],"reference":{"reference":"RelatedPerson/related-person-jane-smith-wife"},"name":"related-person-jane-smith-wife","description":"Jane Smith - Spouse relationship record.","exampleCanonical":"http://consent-engine-ig.awatson.mitre.org/StructureDefinition/consent-exchange-related-person","groupingId":"-ex-example"},{"extension":[{"url":"http://hl7.org/fhir/StructureDefinition/implementationguide-page","valueUri":"RelatedPerson-related-person-jennifer-smith-daughter.html"}],"reference":{"reference":"RelatedPerson/related-person-jennifer-smith-daughter"},"name":"related-person-jennifer-smith-daughter","description":"Jennifer Smith - Daughter relationship record.","exampleCanonical":"http://consent-engine-ig.awatson.mitre.org/StructureDefinition/consent-exchange-related-person","groupingId":"-ex-example"},{"extension":[{"url":"http://hl7.org/fhir/StructureDefinition/implementationguide-page","valueUri":"RelatedPerson-related-person-john-smith.html"}],"reference":{"reference":"RelatedPerson/related-person-john-smith"},"name":"related-person-john-smith","description":"John Smith - Parental relationship record.","exampleBoolean":true,"groupingId":"-ex-example"},{"extension":[{"url":"http://hl7.org/fhir/StructureDefinition/implementationguide-page","valueUri":"RelatedPerson-stranger-001.html"}],"reference":{"reference":"RelatedPerson/stranger-001"},"name":"stranger-001","description":"A random stranger to test security access against.","exampleBoolean":true,"groupingId":"-ex-example"}],"page":{"nameUrl":"toc.html","title":"Table of Contents","generation":"html","page":[{"nameUrl":"index.html","title":"Consent Exchange Implementation Guide","generation":"markdown"},{"nameUrl":"datacollection.html","title":"Data Collection","generation":"markdown"},{"nameUrl":"consentengine.html","title":"Consent Engine","generation":"markdown"},{"nameUrl":"profiles.html","title":"Regional Profiles","generation":"markdown"},{"nameUrl":"blockchain.html","title":"Distributed Ledgers","generation":"markdown"},{"nameUrl":"artifacts.html","title":"Artifacts Summary","generation":"html","page":[{"nameUrl":"StructureDefinition-consent-exchange-careteam.html","title":"ConsentExchangeCareTeam","generation":"generated"},{"nameUrl":"StructureDefinition-consent-exchange-consent.html","title":"ConsentExchangeConsent","generation":"generated"},{"nameUrl":"StructureDefinition-consent-exchange-organization.html","title":"ConsentExchangeOrganization","generation":"generated"},{"nameUrl":"StructureDefinition-consent-exchange-patient.html","title":"ConsentExchangePatient","generation":"generated"},{"nameUrl":"StructureDefinition-consent-exchange-practitioner.html","title":"ConsentExchangePractitioner","generation":"generated"},{"nameUrl":"StructureDefinition-consent-exchange-related-person.html","title":"ConsentExchangeRelatedPerson","generation":"generated"},{"nameUrl":"ValueSet-consent-exchange-category-codes.html","title":"ConsentExchangeCategoryCodes","generation":"generated"},{"nameUrl":"ValueSet-ConsentExchangePolicies.html","title":"ConsentExchangePolicies","generation":"generated"},{"nameUrl":"ValueSet-ConsentExchangeRelations.html","title":"ConsentExchangeRelations","generation":"generated"},{"nameUrl":"ValueSet-consent-exchange-scope-codes.html","title":"ConsentExchangeScopeCodes","generation":"generated"},{"nameUrl":"CodeSystem-CmsInteroperabilityPolicyCodes.html","title":"CmsInteroperabilityPolicyCodes","generation":"generated"},{"nameUrl":"CodeSystem-ConsentExchangeRelationships.html","title":"ConsentExchangeRelationships","generation":"generated"},{"nameUrl":"CodeSystem-PayorToPayorExchangePolicyCodes.html","title":"PayorToPayorExchangePolicyCodes","generation":"generated"},{"nameUrl":"Bundle-Jennifer-Consents-MA.html","title":"Jennifer-Consents-MA","generation":"generated"},{"nameUrl":"Consent-Jennifer-MA-Rollup.html","title":"jennifer-ma-rollup","generation":"generated"},{"nameUrl":"Medication-estrodiol-contraceptive.html","title":"estrodiol-contraceptive","generation":"generated"},{"nameUrl":"Consent-example1.html","title":"example1","generation":"generated"},{"nameUrl":"Consent-example2.html","title":"example2","generation":"generated"},{"nameUrl":"Patient-jane-doe.html","title":"jane-doe","generation":"generated"},{"nameUrl":"Patient-jennifer-smith.html","title":"jennifer-smith","generation":"generated"},{"nameUrl":"Consent-jennifersmith-al-1.html","title":"jennifersmith-al-1","generation":"generated"},{"nameUrl":"Consent-jennifersmith-ma-1.html","title":"jennifersmith-ma-1","generation":"generated"},{"nameUrl":"Consent-jennifersmith-ma-2.html","title":"jennifersmith-ma-2","generation":"generated"},{"nameUrl":"Consent-johnsmith-consent-mass-community-insurance.html","title":"johnsmith-consent-mass-community-insurance","generation":"generated"},{"nameUrl":"Consent-johnsmith-consent-org-acme-insurance.html","title":"johnsmith-consent-org-acme-insurance","generation":"generated"},{"nameUrl":"Consent-johnsmith-consent-org-pillbox.html","title":"johnsmith-consent-org-pillbox","generation":"generated"},{"nameUrl":"Consent-johnsmith-consent-plentyrx.html","title":"johnsmith-consent-plentyrx","generation":"generated"},{"nameUrl":"Consent-johnsmith-consent-plentyrx-revoke.html","title":"johnsmith-consent-plentyrx-revoke","generation":"generated"},{"nameUrl":"MedicationRequest-medreq-1234557.html","title":"medreq-1234557","generation":"generated"},{"nameUrl":"MedicationRequest-medreq-22348957.html","title":"medreq-22348957","generation":"generated"},{"nameUrl":"Organization-org-acme-insurance.html","title":"org-acme-insurance","generation":"generated"},{"nameUrl":"Organization-org-mass-community-insurance.html","title":"org-mass-community-insurance","generation":"generated"},{"nameUrl":"Organization-org-pillbox.html","title":"org-pillbox","generation":"generated"},{"nameUrl":"Organization-org-plentyrx.html","title":"org-plentyrx","generation":"generated"},{"nameUrl":"Organization-org-together-health.html","title":"org-together-health","generation":"generated"},{"nameUrl":"Patient-patient-john-smith.html","title":"patient-john-smith","generation":"generated"},{"nameUrl":"Practitioner-practitioner-alice-yin.html","title":"practitioner-alice-yin","generation":"generated"},{"nameUrl":"Practitioner-practitioner-bernard-shuman.html","title":"practitioner-bernard-shuman","generation":"generated"},{"nameUrl":"RelatedPerson-related-person-jane-smith.html","title":"related-person-jane-smith","generation":"generated"},{"nameUrl":"RelatedPerson-related-person-jane-smith-wife.html","title":"related-person-jane-smith-wife","generation":"generated"},{"nameUrl":"RelatedPerson-related-person-jennifer-smith-daughter.html","title":"related-person-jennifer-smith-daughter","generation":"generated"},{"nameUrl":"RelatedPerson-related-person-john-smith.html","title":"related-person-john-smith","generation":"generated"},{"nameUrl":"RelatedPerson-stranger-001.html","title":"stranger-001","generation":"generated"}]}]},"parameter":[{"code":"path-resource","value":"input/capabilities"},{"code":"path-resource","value":"input/examples"},{"code":"path-resource","value":"input/extensions"},{"code":"path-resource","value":"input/models"},{"code":"path-resource","value":"input/operations"},{"code":"path-resource","value":"input/profiles"},{"code":"path-resource","value":"input/resources"},{"code":"path-resource","value":"input/vocabulary"},{"code":"path-resource","value":"input/maps"},{"code":"path-resource","value":"input/testing"},{"code":"path-resource","value":"input/history"},{"code":"path-resource","value":"fsh-generated/resources"},{"code":"path-pages","value":"template/config"},{"code":"path-pages","value":"input/images"},{"code":"path-tx-cache","value":"input-cache/txcache"}]}}