{"resourceType":"ImplementationGuide","id":"mehi.ig.fhir","text":{"status":"extensions","div":"<div xmlns=\"http://www.w3.org/1999/xhtml\"><h2>USStateProfiles</h2><p>The official URL for this implementation guide is: </p><pre>https://gitlab.mitre.org/awatson/us-state-profiles/ImplementationGuide/mehi.ig.fhir</pre></div>"},"url":"https://gitlab.mitre.org/awatson/us-state-profiles/ImplementationGuide/mehi.ig.fhir","version":"0.4.0","name":"USStateProfiles","status":"draft","date":"2022-10-31T21:59:07-05:00","publisher":"MITRE, Inc","contact":[{"name":"MITRE, Inc","telecom":[{"system":"url","value":"https://gitlab.mitre.org/awatson/us-state-profiles"}]}],"packageId":"mehi.ig.fhir","license":"CC0-1.0","fhirVersion":["4.0.1"],"dependsOn":[{"id":"hl7tx","uri":"http://terminology.hl7.org/ImplementationGuide/hl7.terminology","packageId":"hl7.terminology.r4","version":"4.0.0"},{"id":"hl7_fhir_us_core","uri":"http://hl7.org/fhir/us/core/ImplementationGuide/hl7.fhir.us.core","packageId":"hl7.fhir.us.core","version":"3.2.0"}],"definition":{"extension":[{"extension":[{"url":"code","valueString":"copyrightyear"},{"url":"value","valueString":"2021+"}],"url":"http://hl7.org/fhir/tools/StructureDefinition/ig-parameter"},{"extension":[{"url":"code","valueString":"releaselabel"},{"url":"value","valueString":"ci-build"}],"url":"http://hl7.org/fhir/tools/StructureDefinition/ig-parameter"},{"extension":[{"url":"code","valueString":"autoload-resources"},{"url":"value","valueString":"true"}],"url":"http://hl7.org/fhir/tools/StructureDefinition/ig-parameter"},{"extension":[{"url":"code","valueString":"path-liquid"},{"url":"value","valueString":"template/liquid"}],"url":"http://hl7.org/fhir/tools/StructureDefinition/ig-parameter"},{"extension":[{"url":"code","valueString":"path-liquid"},{"url":"value","valueString":"input/liquid"}],"url":"http://hl7.org/fhir/tools/StructureDefinition/ig-parameter"},{"extension":[{"url":"code","valueString":"path-qa"},{"url":"value","valueString":"temp/qa"}],"url":"http://hl7.org/fhir/tools/StructureDefinition/ig-parameter"},{"extension":[{"url":"code","valueString":"path-temp"},{"url":"value","valueString":"temp/pages"}],"url":"http://hl7.org/fhir/tools/StructureDefinition/ig-parameter"},{"extension":[{"url":"code","valueString":"path-output"},{"url":"value","valueString":"output"}],"url":"http://hl7.org/fhir/tools/StructureDefinition/ig-parameter"},{"extension":[{"url":"code","valueString":"path-suppressed-warnings"},{"url":"value","valueString":"input/ignoreWarnings.txt"}],"url":"http://hl7.org/fhir/tools/StructureDefinition/ig-parameter"},{"extension":[{"url":"code","valueString":"path-history"},{"url":"value","valueString":"https://gitlab.mitre.org/awatson/us-state-profiles/history.html"}],"url":"http://hl7.org/fhir/tools/StructureDefinition/ig-parameter"},{"extension":[{"url":"code","valueString":"template-html"},{"url":"value","valueString":"template-page.html"}],"url":"http://hl7.org/fhir/tools/StructureDefinition/ig-parameter"},{"extension":[{"url":"code","valueString":"template-md"},{"url":"value","valueString":"template-page-md.html"}],"url":"http://hl7.org/fhir/tools/StructureDefinition/ig-parameter"},{"extension":[{"url":"code","valueString":"apply-contact"},{"url":"value","valueString":"true"}],"url":"http://hl7.org/fhir/tools/StructureDefinition/ig-parameter"},{"extension":[{"url":"code","valueString":"apply-context"},{"url":"value","valueString":"true"}],"url":"http://hl7.org/fhir/tools/StructureDefinition/ig-parameter"},{"extension":[{"url":"code","valueString":"apply-copyright"},{"url":"value","valueString":"true"}],"url":"http://hl7.org/fhir/tools/StructureDefinition/ig-parameter"},{"extension":[{"url":"code","valueString":"apply-jurisdiction"},{"url":"value","valueString":"true"}],"url":"http://hl7.org/fhir/tools/StructureDefinition/ig-parameter"},{"extension":[{"url":"code","valueString":"apply-license"},{"url":"value","valueString":"true"}],"url":"http://hl7.org/fhir/tools/StructureDefinition/ig-parameter"},{"extension":[{"url":"code","valueString":"apply-publisher"},{"url":"value","valueString":"true"}],"url":"http://hl7.org/fhir/tools/StructureDefinition/ig-parameter"},{"extension":[{"url":"code","valueString":"apply-version"},{"url":"value","valueString":"true"}],"url":"http://hl7.org/fhir/tools/StructureDefinition/ig-parameter"},{"extension":[{"url":"code","valueString":"active-tables"},{"url":"value","valueString":"true"}],"url":"http://hl7.org/fhir/tools/StructureDefinition/ig-parameter"},{"extension":[{"url":"code","valueString":"fmm-definition"},{"url":"value","valueString":"http://hl7.org/fhir/versions.html#maturity"}],"url":"http://hl7.org/fhir/tools/StructureDefinition/ig-parameter"},{"extension":[{"url":"code","valueString":"propagate-status"},{"url":"value","valueString":"true"}],"url":"http://hl7.org/fhir/tools/StructureDefinition/ig-parameter"},{"extension":[{"url":"code","valueString":"excludelogbinaryformat"},{"url":"value","valueString":"true"}],"url":"http://hl7.org/fhir/tools/StructureDefinition/ig-parameter"},{"extension":[{"url":"code","valueString":"tabbed-snapshots"},{"url":"value","valueString":"true"}],"url":"http://hl7.org/fhir/tools/StructureDefinition/ig-parameter"},{"extension":[{"url":"code","valueString":"copyrightyear"},{"url":"value","valueString":"2021+"}],"url":"http://hl7.org/fhir/tools/StructureDefinition/ig-parameter"},{"extension":[{"url":"code","valueString":"releaselabel"},{"url":"value","valueString":"ci-build"}],"url":"http://hl7.org/fhir/tools/StructureDefinition/ig-parameter"},{"extension":[{"url":"code","valueString":"autoload-resources"},{"url":"value","valueString":"true"}],"url":"http://hl7.org/fhir/tools/StructureDefinition/ig-parameter"},{"extension":[{"url":"code","valueString":"path-liquid"},{"url":"value","valueString":"template/liquid"}],"url":"http://hl7.org/fhir/tools/StructureDefinition/ig-parameter"},{"extension":[{"url":"code","valueString":"path-liquid"},{"url":"value","valueString":"input/liquid"}],"url":"http://hl7.org/fhir/tools/StructureDefinition/ig-parameter"},{"extension":[{"url":"code","valueString":"path-qa"},{"url":"value","valueString":"temp/qa"}],"url":"http://hl7.org/fhir/tools/StructureDefinition/ig-parameter"},{"extension":[{"url":"code","valueString":"path-temp"},{"url":"value","valueString":"temp/pages"}],"url":"http://hl7.org/fhir/tools/StructureDefinition/ig-parameter"},{"extension":[{"url":"code","valueString":"path-output"},{"url":"value","valueString":"output"}],"url":"http://hl7.org/fhir/tools/StructureDefinition/ig-parameter"},{"extension":[{"url":"code","valueString":"path-suppressed-warnings"},{"url":"value","valueString":"input/ignoreWarnings.txt"}],"url":"http://hl7.org/fhir/tools/StructureDefinition/ig-parameter"},{"extension":[{"url":"code","valueString":"path-history"},{"url":"value","valueString":"https://gitlab.mitre.org/awatson/us-state-profiles/history.html"}],"url":"http://hl7.org/fhir/tools/StructureDefinition/ig-parameter"},{"extension":[{"url":"code","valueString":"template-html"},{"url":"value","valueString":"template-page.html"}],"url":"http://hl7.org/fhir/tools/StructureDefinition/ig-parameter"},{"extension":[{"url":"code","valueString":"template-md"},{"url":"value","valueString":"template-page-md.html"}],"url":"http://hl7.org/fhir/tools/StructureDefinition/ig-parameter"},{"extension":[{"url":"code","valueString":"apply-contact"},{"url":"value","valueString":"true"}],"url":"http://hl7.org/fhir/tools/StructureDefinition/ig-parameter"},{"extension":[{"url":"code","valueString":"apply-context"},{"url":"value","valueString":"true"}],"url":"http://hl7.org/fhir/tools/StructureDefinition/ig-parameter"},{"extension":[{"url":"code","valueString":"apply-copyright"},{"url":"value","valueString":"true"}],"url":"http://hl7.org/fhir/tools/StructureDefinition/ig-parameter"},{"extension":[{"url":"code","valueString":"apply-jurisdiction"},{"url":"value","valueString":"true"}],"url":"http://hl7.org/fhir/tools/StructureDefinition/ig-parameter"},{"extension":[{"url":"code","valueString":"apply-license"},{"url":"value","valueString":"true"}],"url":"http://hl7.org/fhir/tools/StructureDefinition/ig-parameter"},{"extension":[{"url":"code","valueString":"apply-publisher"},{"url":"value","valueString":"true"}],"url":"http://hl7.org/fhir/tools/StructureDefinition/ig-parameter"},{"extension":[{"url":"code","valueString":"apply-version"},{"url":"value","valueString":"true"}],"url":"http://hl7.org/fhir/tools/StructureDefinition/ig-parameter"},{"extension":[{"url":"code","valueString":"active-tables"},{"url":"value","valueString":"true"}],"url":"http://hl7.org/fhir/tools/StructureDefinition/ig-parameter"},{"extension":[{"url":"code","valueString":"fmm-definition"},{"url":"value","valueString":"http://hl7.org/fhir/versions.html#maturity"}],"url":"http://hl7.org/fhir/tools/StructureDefinition/ig-parameter"},{"extension":[{"url":"code","valueString":"propagate-status"},{"url":"value","valueString":"true"}],"url":"http://hl7.org/fhir/tools/StructureDefinition/ig-parameter"},{"extension":[{"url":"code","valueString":"excludelogbinaryformat"},{"url":"value","valueString":"true"}],"url":"http://hl7.org/fhir/tools/StructureDefinition/ig-parameter"},{"extension":[{"url":"code","valueString":"tabbed-snapshots"},{"url":"value","valueString":"true"}],"url":"http://hl7.org/fhir/tools/StructureDefinition/ig-parameter"},{"extension":[{"url":"code","valueString":"copyrightyear"},{"url":"value","valueString":"2021+"}],"url":"http://hl7.org/fhir/tools/StructureDefinition/ig-parameter"},{"extension":[{"url":"code","valueString":"releaselabel"},{"url":"value","valueString":"ci-build"}],"url":"http://hl7.org/fhir/tools/StructureDefinition/ig-parameter"},{"extension":[{"url":"code","valueString":"autoload-resources"},{"url":"value","valueString":"true"}],"url":"http://hl7.org/fhir/tools/StructureDefinition/ig-parameter"},{"extension":[{"url":"code","valueString":"path-liquid"},{"url":"value","valueString":"template/liquid"}],"url":"http://hl7.org/fhir/tools/StructureDefinition/ig-parameter"},{"extension":[{"url":"code","valueString":"path-liquid"},{"url":"value","valueString":"input/liquid"}],"url":"http://hl7.org/fhir/tools/StructureDefinition/ig-parameter"},{"extension":[{"url":"code","valueString":"path-qa"},{"url":"value","valueString":"temp/qa"}],"url":"http://hl7.org/fhir/tools/StructureDefinition/ig-parameter"},{"extension":[{"url":"code","valueString":"path-temp"},{"url":"value","valueString":"temp/pages"}],"url":"http://hl7.org/fhir/tools/StructureDefinition/ig-parameter"},{"extension":[{"url":"code","valueString":"path-output"},{"url":"value","valueString":"output"}],"url":"http://hl7.org/fhir/tools/StructureDefinition/ig-parameter"},{"extension":[{"url":"code","valueString":"path-suppressed-warnings"},{"url":"value","valueString":"input/ignoreWarnings.txt"}],"url":"http://hl7.org/fhir/tools/StructureDefinition/ig-parameter"},{"extension":[{"url":"code","valueString":"path-history"},{"url":"value","valueString":"https://gitlab.mitre.org/awatson/us-state-profiles/history.html"}],"url":"http://hl7.org/fhir/tools/StructureDefinition/ig-parameter"},{"extension":[{"url":"code","valueString":"template-html"},{"url":"value","valueString":"template-page.html"}],"url":"http://hl7.org/fhir/tools/StructureDefinition/ig-parameter"},{"extension":[{"url":"code","valueString":"template-md"},{"url":"value","valueString":"template-page-md.html"}],"url":"http://hl7.org/fhir/tools/StructureDefinition/ig-parameter"},{"extension":[{"url":"code","valueString":"apply-contact"},{"url":"value","valueString":"true"}],"url":"http://hl7.org/fhir/tools/StructureDefinition/ig-parameter"},{"extension":[{"url":"code","valueString":"apply-context"},{"url":"value","valueString":"true"}],"url":"http://hl7.org/fhir/tools/StructureDefinition/ig-parameter"},{"extension":[{"url":"code","valueString":"apply-copyright"},{"url":"value","valueString":"true"}],"url":"http://hl7.org/fhir/tools/StructureDefinition/ig-parameter"},{"extension":[{"url":"code","valueString":"apply-jurisdiction"},{"url":"value","valueString":"true"}],"url":"http://hl7.org/fhir/tools/StructureDefinition/ig-parameter"},{"extension":[{"url":"code","valueString":"apply-license"},{"url":"value","valueString":"true"}],"url":"http://hl7.org/fhir/tools/StructureDefinition/ig-parameter"},{"extension":[{"url":"code","valueString":"apply-publisher"},{"url":"value","valueString":"true"}],"url":"http://hl7.org/fhir/tools/StructureDefinition/ig-parameter"},{"extension":[{"url":"code","valueString":"apply-version"},{"url":"value","valueString":"true"}],"url":"http://hl7.org/fhir/tools/StructureDefinition/ig-parameter"},{"extension":[{"url":"code","valueString":"active-tables"},{"url":"value","valueString":"true"}],"url":"http://hl7.org/fhir/tools/StructureDefinition/ig-parameter"},{"extension":[{"url":"code","valueString":"fmm-definition"},{"url":"value","valueString":"http://hl7.org/fhir/versions.html#maturity"}],"url":"http://hl7.org/fhir/tools/StructureDefinition/ig-parameter"},{"extension":[{"url":"code","valueString":"propagate-status"},{"url":"value","valueString":"true"}],"url":"http://hl7.org/fhir/tools/StructureDefinition/ig-parameter"},{"extension":[{"url":"code","valueString":"excludelogbinaryformat"},{"url":"value","valueString":"true"}],"url":"http://hl7.org/fhir/tools/StructureDefinition/ig-parameter"},{"extension":[{"url":"code","valueString":"tabbed-snapshots"},{"url":"value","valueString":"true"}],"url":"http://hl7.org/fhir/tools/StructureDefinition/ig-parameter"}],"grouping":[{"id":"-str-profile","name":"Structures: Resource Profiles","description":"These define constraints on FHIR resources for systems conforming to this implementation guide"},{"id":"-term-valueset","name":"Terminology: Value Sets","description":"These define sets of codes used by systems conforming to this implementation guide"},{"id":"-ex-example","name":"Example: Example Instances","description":"These are example instances that show what data produced and consumed by systems conforming with this implementation guide might look like"}],"resource":[{"extension":[{"url":"http://hl7.org/fhir/StructureDefinition/implementationguide-page","valueUri":"StructureDefinition-alabama-consent-profile.html"}],"reference":{"reference":"StructureDefinition/alabama-consent-profile"},"name":"AlabamaConsentProfile","description":"Alabama consent profile.","exampleBoolean":false,"groupingId":"-str-profile"},{"extension":[{"url":"http://hl7.org/fhir/StructureDefinition/implementationguide-page","valueUri":"StructureDefinition-alaska-consent-profile.html"}],"reference":{"reference":"StructureDefinition/alaska-consent-profile"},"name":"AlaskaConsentProfile","description":"Alaska consent profile.","exampleBoolean":false,"groupingId":"-str-profile"},{"extension":[{"url":"http://hl7.org/fhir/StructureDefinition/implementationguide-page","valueUri":"StructureDefinition-arizona-consent-profile.html"}],"reference":{"reference":"StructureDefinition/arizona-consent-profile"},"name":"ArizonaConsentProfile","description":"Arizona consent profile.","exampleBoolean":false,"groupingId":"-str-profile"},{"extension":[{"url":"http://hl7.org/fhir/StructureDefinition/implementationguide-page","valueUri":"StructureDefinition-arkansas-consent-profile.html"}],"reference":{"reference":"StructureDefinition/arkansas-consent-profile"},"name":"ArkansasConsentProfile","description":"Arkansas consent profile.","exampleBoolean":false,"groupingId":"-str-profile"},{"extension":[{"url":"http://hl7.org/fhir/StructureDefinition/implementationguide-page","valueUri":"StructureDefinition-base-consent-profile.html"}],"reference":{"reference":"StructureDefinition/base-consent-profile"},"name":"BaseConsentProfile","description":"Base consent profile.","exampleBoolean":false,"groupingId":"-str-profile"},{"extension":[{"url":"http://hl7.org/fhir/StructureDefinition/implementationguide-page","valueUri":"StructureDefinition-california-consent-profile.html"}],"reference":{"reference":"StructureDefinition/california-consent-profile"},"name":"CaliforniaConsentProfile","description":"California consent profile.","exampleBoolean":false,"groupingId":"-str-profile"},{"extension":[{"url":"http://hl7.org/fhir/StructureDefinition/implementationguide-page","valueUri":"StructureDefinition-colorado-consent-profile.html"}],"reference":{"reference":"StructureDefinition/colorado-consent-profile"},"name":"ColoradoConsentProfile","description":"Colorado consent profile.","exampleBoolean":false,"groupingId":"-str-profile"},{"extension":[{"url":"http://hl7.org/fhir/StructureDefinition/implementationguide-page","valueUri":"StructureDefinition-connecticut-consent-profile.html"}],"reference":{"reference":"StructureDefinition/connecticut-consent-profile"},"name":"ConnecticutConsentProfile","description":"Connecticut consent profile.","exampleBoolean":false,"groupingId":"-str-profile"},{"extension":[{"url":"http://hl7.org/fhir/StructureDefinition/implementationguide-page","valueUri":"StructureDefinition-delaware-consent-profile.html"}],"reference":{"reference":"StructureDefinition/delaware-consent-profile"},"name":"DelawareConsentProfile","description":"Delaware consent profile.","exampleBoolean":false,"groupingId":"-str-profile"},{"extension":[{"url":"http://hl7.org/fhir/StructureDefinition/implementationguide-page","valueUri":"StructureDefinition-district-of-columbia-consent-profile.html"}],"reference":{"reference":"StructureDefinition/district-of-columbia-consent-profile"},"name":"DistrictOfColumbiaConsentProfile","description":"District Of Columbia consent profile.","exampleBoolean":false,"groupingId":"-str-profile"},{"extension":[{"url":"http://hl7.org/fhir/StructureDefinition/implementationguide-page","valueUri":"StructureDefinition-florida-consent-profile.html"}],"reference":{"reference":"StructureDefinition/florida-consent-profile"},"name":"FloridaConsentProfile","description":"Florida consent profile.","exampleBoolean":false,"groupingId":"-str-profile"},{"extension":[{"url":"http://hl7.org/fhir/StructureDefinition/implementationguide-page","valueUri":"StructureDefinition-georgia-consent-profile.html"}],"reference":{"reference":"StructureDefinition/georgia-consent-profile"},"name":"GeorgiaConsentProfile","description":"Georgia consent profile.","exampleBoolean":false,"groupingId":"-str-profile"},{"extension":[{"url":"http://hl7.org/fhir/StructureDefinition/implementationguide-page","valueUri":"StructureDefinition-hawaii-consent-profile.html"}],"reference":{"reference":"StructureDefinition/hawaii-consent-profile"},"name":"HawaiiConsentProfile","description":"Hawaii consent profile.","exampleBoolean":false,"groupingId":"-str-profile"},{"extension":[{"url":"http://hl7.org/fhir/StructureDefinition/implementationguide-page","valueUri":"StructureDefinition-idaho-consent-profile.html"}],"reference":{"reference":"StructureDefinition/idaho-consent-profile"},"name":"IdahoConsentProfile","description":"Idaho consent profile.","exampleBoolean":false,"groupingId":"-str-profile"},{"extension":[{"url":"http://hl7.org/fhir/StructureDefinition/implementationguide-page","valueUri":"StructureDefinition-illinois-consent-profile.html"}],"reference":{"reference":"StructureDefinition/illinois-consent-profile"},"name":"IllinoisConsentProfile","description":"Illinois consent profile.","exampleBoolean":false,"groupingId":"-str-profile"},{"extension":[{"url":"http://hl7.org/fhir/StructureDefinition/implementationguide-page","valueUri":"StructureDefinition-indiana-consent-profile.html"}],"reference":{"reference":"StructureDefinition/indiana-consent-profile"},"name":"IndianaConsentProfile","description":"Indiana consent profile.","exampleBoolean":false,"groupingId":"-str-profile"},{"extension":[{"url":"http://hl7.org/fhir/StructureDefinition/implementationguide-page","valueUri":"StructureDefinition-iowa-consent-profile.html"}],"reference":{"reference":"StructureDefinition/iowa-consent-profile"},"name":"IowaConsentProfile","description":"Iowa consent profile.","exampleBoolean":false,"groupingId":"-str-profile"},{"extension":[{"url":"http://hl7.org/fhir/StructureDefinition/implementationguide-page","valueUri":"StructureDefinition-kansas-consent-profile.html"}],"reference":{"reference":"StructureDefinition/kansas-consent-profile"},"name":"KansasConsentProfile","description":"Kansas consent profile.","exampleBoolean":false,"groupingId":"-str-profile"},{"extension":[{"url":"http://hl7.org/fhir/StructureDefinition/implementationguide-page","valueUri":"StructureDefinition-kentucky-consent-profile.html"}],"reference":{"reference":"StructureDefinition/kentucky-consent-profile"},"name":"KentuckyConsentProfile","description":"Kentucky consent profile.","exampleBoolean":false,"groupingId":"-str-profile"},{"extension":[{"url":"http://hl7.org/fhir/StructureDefinition/implementationguide-page","valueUri":"StructureDefinition-louisiana-consent-profile.html"}],"reference":{"reference":"StructureDefinition/louisiana-consent-profile"},"name":"LouisianaConsentProfile","description":"Louisiana consent profile.","exampleBoolean":false,"groupingId":"-str-profile"},{"extension":[{"url":"http://hl7.org/fhir/StructureDefinition/implementationguide-page","valueUri":"StructureDefinition-maine-consent-profile.html"}],"reference":{"reference":"StructureDefinition/maine-consent-profile"},"name":"MaineConsentProfile","description":"Maine consent profile.","exampleBoolean":false,"groupingId":"-str-profile"},{"extension":[{"url":"http://hl7.org/fhir/StructureDefinition/implementationguide-page","valueUri":"StructureDefinition-maryland-consent-profile.html"}],"reference":{"reference":"StructureDefinition/maryland-consent-profile"},"name":"MarylandConsentProfile","description":"Maryland consent profile.","exampleBoolean":false,"groupingId":"-str-profile"},{"extension":[{"url":"http://hl7.org/fhir/StructureDefinition/implementationguide-page","valueUri":"StructureDefinition-massachusetts-consent-profile.html"}],"reference":{"reference":"StructureDefinition/massachusetts-consent-profile"},"name":"MassachusettsConsentProfile","description":"Massachusetts consent profile.","exampleBoolean":false,"groupingId":"-str-profile"},{"extension":[{"url":"http://hl7.org/fhir/StructureDefinition/implementationguide-page","valueUri":"StructureDefinition-michigan-consent-profile.html"}],"reference":{"reference":"StructureDefinition/michigan-consent-profile"},"name":"MichiganConsentProfile","description":"Michigan consent profile.","exampleBoolean":false,"groupingId":"-str-profile"},{"extension":[{"url":"http://hl7.org/fhir/StructureDefinition/implementationguide-page","valueUri":"StructureDefinition-minnesota-consent-profile.html"}],"reference":{"reference":"StructureDefinition/minnesota-consent-profile"},"name":"MinnesotaConsentProfile","description":"Minnesota consent profile.","exampleBoolean":false,"groupingId":"-str-profile"},{"extension":[{"url":"http://hl7.org/fhir/StructureDefinition/implementationguide-page","valueUri":"StructureDefinition-mississippi-consent-profile.html"}],"reference":{"reference":"StructureDefinition/mississippi-consent-profile"},"name":"MississippiConsentProfile","description":"Mississippi consent profile.","exampleBoolean":false,"groupingId":"-str-profile"},{"extension":[{"url":"http://hl7.org/fhir/StructureDefinition/implementationguide-page","valueUri":"StructureDefinition-missouri-consent-profile.html"}],"reference":{"reference":"StructureDefinition/missouri-consent-profile"},"name":"MissouriConsentProfile","description":"Missouri consent profile.","exampleBoolean":false,"groupingId":"-str-profile"},{"extension":[{"url":"http://hl7.org/fhir/StructureDefinition/implementationguide-page","valueUri":"StructureDefinition-montana-consent-profile.html"}],"reference":{"reference":"StructureDefinition/montana-consent-profile"},"name":"MontanaConsentProfile","description":"Montana consent profile.","exampleBoolean":false,"groupingId":"-str-profile"},{"extension":[{"url":"http://hl7.org/fhir/StructureDefinition/implementationguide-page","valueUri":"StructureDefinition-nebraska-consent-profile.html"}],"reference":{"reference":"StructureDefinition/nebraska-consent-profile"},"name":"NebraskaConsentProfile","description":"Nebraska consent profile.","exampleBoolean":false,"groupingId":"-str-profile"},{"extension":[{"url":"http://hl7.org/fhir/StructureDefinition/implementationguide-page","valueUri":"StructureDefinition-nevada-consent-profile.html"}],"reference":{"reference":"StructureDefinition/nevada-consent-profile"},"name":"NevadaConsentProfile","description":"Nevada consent profile.","exampleBoolean":false,"groupingId":"-str-profile"},{"extension":[{"url":"http://hl7.org/fhir/StructureDefinition/implementationguide-page","valueUri":"StructureDefinition-new-hampshire-consent-profile.html"}],"reference":{"reference":"StructureDefinition/new-hampshire-consent-profile"},"name":"NewHampshireConsentProfile","description":"New Hampshire consent profile.","exampleBoolean":false,"groupingId":"-str-profile"},{"extension":[{"url":"http://hl7.org/fhir/StructureDefinition/implementationguide-page","valueUri":"StructureDefinition-new-jersey-consent-profile.html"}],"reference":{"reference":"StructureDefinition/new-jersey-consent-profile"},"name":"NewJerseyConsentProfile","description":"New Jersey consent profile.","exampleBoolean":false,"groupingId":"-str-profile"},{"extension":[{"url":"http://hl7.org/fhir/StructureDefinition/implementationguide-page","valueUri":"StructureDefinition-new-mexico-consent-profile.html"}],"reference":{"reference":"StructureDefinition/new-mexico-consent-profile"},"name":"NewMexicoConsentProfile","description":"New Mexico consent profile.","exampleBoolean":false,"groupingId":"-str-profile"},{"extension":[{"url":"http://hl7.org/fhir/StructureDefinition/implementationguide-page","valueUri":"StructureDefinition-new-york-consent-profile.html"}],"reference":{"reference":"StructureDefinition/new-york-consent-profile"},"name":"NewYorkConsentProfile","description":"New York consent profile.","exampleBoolean":false,"groupingId":"-str-profile"},{"extension":[{"url":"http://hl7.org/fhir/StructureDefinition/implementationguide-page","valueUri":"StructureDefinition-north-carolina-consent-profile.html"}],"reference":{"reference":"StructureDefinition/north-carolina-consent-profile"},"name":"NorthCarolinaConsentProfile","description":"NorthCarolina consent profile.","exampleBoolean":false,"groupingId":"-str-profile"},{"extension":[{"url":"http://hl7.org/fhir/StructureDefinition/implementationguide-page","valueUri":"StructureDefinition-north-dakota-consent-profile.html"}],"reference":{"reference":"StructureDefinition/north-dakota-consent-profile"},"name":"NorthDakotaConsentProfile","description":"North Dakota consent profile.","exampleBoolean":false,"groupingId":"-str-profile"},{"extension":[{"url":"http://hl7.org/fhir/StructureDefinition/implementationguide-page","valueUri":"StructureDefinition-ohio-consent-profile.html"}],"reference":{"reference":"StructureDefinition/ohio-consent-profile"},"name":"OhioConsentProfile","description":"Ohio consent profile.","exampleBoolean":false,"groupingId":"-str-profile"},{"extension":[{"url":"http://hl7.org/fhir/StructureDefinition/implementationguide-page","valueUri":"StructureDefinition-oklahoma-consent-profile.html"}],"reference":{"reference":"StructureDefinition/oklahoma-consent-profile"},"name":"OklahomaConsentProfile","description":"Oklahoma consent profile.","exampleBoolean":false,"groupingId":"-str-profile"},{"extension":[{"url":"http://hl7.org/fhir/StructureDefinition/implementationguide-page","valueUri":"StructureDefinition-oregon-consent-profile.html"}],"reference":{"reference":"StructureDefinition/oregon-consent-profile"},"name":"OregonConsentProfile","description":"Oregon consent profile.","exampleBoolean":false,"groupingId":"-str-profile"},{"extension":[{"url":"http://hl7.org/fhir/StructureDefinition/implementationguide-page","valueUri":"StructureDefinition-pennsylvania-consent-profile.html"}],"reference":{"reference":"StructureDefinition/pennsylvania-consent-profile"},"name":"PennsylvaniaConsentProfile","description":"Pennsylvania consent profile.","exampleBoolean":false,"groupingId":"-str-profile"},{"extension":[{"url":"http://hl7.org/fhir/StructureDefinition/implementationguide-page","valueUri":"StructureDefinition-rhode-island-consent-profile.html"}],"reference":{"reference":"StructureDefinition/rhode-island-consent-profile"},"name":"RhodeIslandConsentProfile","description":"Rhode Island consent profile.","exampleBoolean":false,"groupingId":"-str-profile"},{"extension":[{"url":"http://hl7.org/fhir/StructureDefinition/implementationguide-page","valueUri":"StructureDefinition-south-carolina-consent-profile.html"}],"reference":{"reference":"StructureDefinition/south-carolina-consent-profile"},"name":"SouthCarolinaConsentProfile","description":"South Carolina consent profile.","exampleBoolean":false,"groupingId":"-str-profile"},{"extension":[{"url":"http://hl7.org/fhir/StructureDefinition/implementationguide-page","valueUri":"StructureDefinition-south-dakota-consent-profile.html"}],"reference":{"reference":"StructureDefinition/south-dakota-consent-profile"},"name":"SouthDakotaConsentProfile","description":"South Dakota consent profile.","exampleBoolean":false,"groupingId":"-str-profile"},{"extension":[{"url":"http://hl7.org/fhir/StructureDefinition/implementationguide-page","valueUri":"StructureDefinition-tennessee-consent-profile.html"}],"reference":{"reference":"StructureDefinition/tennessee-consent-profile"},"name":"TennesseeConsentProfile","description":"Tennessee consent profile.","exampleBoolean":false,"groupingId":"-str-profile"},{"extension":[{"url":"http://hl7.org/fhir/StructureDefinition/implementationguide-page","valueUri":"StructureDefinition-texas-consent-profile.html"}],"reference":{"reference":"StructureDefinition/texas-consent-profile"},"name":"TexasConsentProfile","description":"Texas consent profile.","exampleBoolean":false,"groupingId":"-str-profile"},{"extension":[{"url":"http://hl7.org/fhir/StructureDefinition/implementationguide-page","valueUri":"StructureDefinition-utah-consent-profile.html"}],"reference":{"reference":"StructureDefinition/utah-consent-profile"},"name":"UtahConsentProfile","description":"Utah consent profile.","exampleBoolean":false,"groupingId":"-str-profile"},{"extension":[{"url":"http://hl7.org/fhir/StructureDefinition/implementationguide-page","valueUri":"StructureDefinition-vermont-consent-profile.html"}],"reference":{"reference":"StructureDefinition/vermont-consent-profile"},"name":"VermontConsentProfile","description":"Vermont consent profile.","exampleBoolean":false,"groupingId":"-str-profile"},{"extension":[{"url":"http://hl7.org/fhir/StructureDefinition/implementationguide-page","valueUri":"StructureDefinition-virginia-consent-profile.html"}],"reference":{"reference":"StructureDefinition/virginia-consent-profile"},"name":"VirginiaConsentProfile","description":"Virginia consent profile.","exampleBoolean":false,"groupingId":"-str-profile"},{"extension":[{"url":"http://hl7.org/fhir/StructureDefinition/implementationguide-page","valueUri":"StructureDefinition-washington-consent-profile.html"}],"reference":{"reference":"StructureDefinition/washington-consent-profile"},"name":"WashingtonConsentProfile","description":"Washington consent profile.","exampleBoolean":false,"groupingId":"-str-profile"},{"extension":[{"url":"http://hl7.org/fhir/StructureDefinition/implementationguide-page","valueUri":"StructureDefinition-west-virginia-consent-profile.html"}],"reference":{"reference":"StructureDefinition/west-virginia-consent-profile"},"name":"WestVirginiaConsentProfile","description":"West Virginia consent profile.","exampleBoolean":false,"groupingId":"-str-profile"},{"extension":[{"url":"http://hl7.org/fhir/StructureDefinition/implementationguide-page","valueUri":"ValueSet-ConsentExchangePolicies.html"}],"reference":{"reference":"ValueSet/ConsentExchangePolicies"},"name":"ConsentExchangePolicies","description":"Consent Exchange - Policies","exampleBoolean":false,"groupingId":"-term-valueset"},{"extension":[{"url":"http://hl7.org/fhir/StructureDefinition/implementationguide-page","valueUri":"Location-2cdHJo5nLPDtnbfnS.html"}],"reference":{"reference":"Location/2cdHJo5nLPDtnbfnS"},"name":"US-State-Indiana","exampleBoolean":true,"groupingId":"-ex-example"},{"extension":[{"url":"http://hl7.org/fhir/StructureDefinition/implementationguide-page","valueUri":"Location-36Ad9SeqqzcWjZELq.html"}],"reference":{"reference":"Location/36Ad9SeqqzcWjZELq"},"name":"US-State-Alabama","exampleBoolean":true,"groupingId":"-ex-example"},{"extension":[{"url":"http://hl7.org/fhir/StructureDefinition/implementationguide-page","valueUri":"Location-3L8sHLL4cyBoLfQ5X.html"}],"reference":{"reference":"Location/3L8sHLL4cyBoLfQ5X"},"name":"US-State-Georgia","exampleBoolean":true,"groupingId":"-ex-example"},{"extension":[{"url":"http://hl7.org/fhir/StructureDefinition/implementationguide-page","valueUri":"Location-3zjF5MkrEZEErco7v.html"}],"reference":{"reference":"Location/3zjF5MkrEZEErco7v"},"name":"US-State-California","exampleBoolean":true,"groupingId":"-ex-example"},{"extension":[{"url":"http://hl7.org/fhir/StructureDefinition/implementationguide-page","valueUri":"Location-4G954mNr3nR5rfCvw.html"}],"reference":{"reference":"Location/4G954mNr3nR5rfCvw"},"name":"US-State-Texas","exampleBoolean":true,"groupingId":"-ex-example"},{"extension":[{"url":"http://hl7.org/fhir/StructureDefinition/implementationguide-page","valueUri":"Location-4gJBt2RovtF8oBk8h.html"}],"reference":{"reference":"Location/4gJBt2RovtF8oBk8h"},"name":"US-State-Louisiana","exampleBoolean":true,"groupingId":"-ex-example"},{"extension":[{"url":"http://hl7.org/fhir/StructureDefinition/implementationguide-page","valueUri":"Location-53z8N28EAfKtbvBNm.html"}],"reference":{"reference":"Location/53z8N28EAfKtbvBNm"},"name":"US-State-Mississippi","exampleBoolean":true,"groupingId":"-ex-example"},{"extension":[{"url":"http://hl7.org/fhir/StructureDefinition/implementationguide-page","valueUri":"Location-5QYLy3D3fdD2BSGy5.html"}],"reference":{"reference":"Location/5QYLy3D3fdD2BSGy5"},"name":"US-State-Delaware","exampleBoolean":true,"groupingId":"-ex-example"},{"extension":[{"url":"http://hl7.org/fhir/StructureDefinition/implementationguide-page","valueUri":"Location-6EBdzCFG6sXWYv3cy.html"}],"reference":{"reference":"Location/6EBdzCFG6sXWYv3cy"},"name":"US-State-Hawaii","exampleBoolean":true,"groupingId":"-ex-example"},{"extension":[{"url":"http://hl7.org/fhir/StructureDefinition/implementationguide-page","valueUri":"Location-7ZqFrka5qdYameBAM.html"}],"reference":{"reference":"Location/7ZqFrka5qdYameBAM"},"name":"US-State-Missouri","exampleBoolean":true,"groupingId":"-ex-example"},{"extension":[{"url":"http://hl7.org/fhir/StructureDefinition/implementationguide-page","valueUri":"Location-8MoDhJYvb4sMLeTRT.html"}],"reference":{"reference":"Location/8MoDhJYvb4sMLeTRT"},"name":"US-State-Vermont","exampleBoolean":true,"groupingId":"-ex-example"},{"extension":[{"url":"http://hl7.org/fhir/StructureDefinition/implementationguide-page","valueUri":"Location-9KxMxodWCSpsmFAsx.html"}],"reference":{"reference":"Location/9KxMxodWCSpsmFAsx"},"name":"US-State-Utah","exampleBoolean":true,"groupingId":"-ex-example"},{"extension":[{"url":"http://hl7.org/fhir/StructureDefinition/implementationguide-page","valueUri":"Location-BdPME6PAm7McYxize.html"}],"reference":{"reference":"Location/BdPME6PAm7McYxize"},"name":"US-State-NewJersey","exampleBoolean":true,"groupingId":"-ex-example"},{"extension":[{"url":"http://hl7.org/fhir/StructureDefinition/implementationguide-page","valueUri":"Location-C3mPJq92ijWAT4M95.html"}],"reference":{"reference":"Location/C3mPJq92ijWAT4M95"},"name":"US-State-Kansas","exampleBoolean":true,"groupingId":"-ex-example"},{"extension":[{"url":"http://hl7.org/fhir/StructureDefinition/implementationguide-page","valueUri":"Location-D5xG52A3yC2YTz8uG.html"}],"reference":{"reference":"Location/D5xG52A3yC2YTz8uG"},"name":"US-State-Maryland","exampleBoolean":true,"groupingId":"-ex-example"},{"extension":[{"url":"http://hl7.org/fhir/StructureDefinition/implementationguide-page","valueUri":"Location-E34hsfDZnFzWDDvrH.html"}],"reference":{"reference":"Location/E34hsfDZnFzWDDvrH"},"name":"US-State-Oklahoma","exampleBoolean":true,"groupingId":"-ex-example"},{"extension":[{"url":"http://hl7.org/fhir/StructureDefinition/implementationguide-page","valueUri":"Location-ErMYAiSgWFYzPYxd4.html"}],"reference":{"reference":"Location/ErMYAiSgWFYzPYxd4"},"name":"US-State-Virginia","exampleBoolean":true,"groupingId":"-ex-example"},{"extension":[{"url":"http://hl7.org/fhir/StructureDefinition/implementationguide-page","valueUri":"Location-JAjsaAFPbnjmqm7ht.html"}],"reference":{"reference":"Location/JAjsaAFPbnjmqm7ht"},"name":"US-State-Montana","exampleBoolean":true,"groupingId":"-ex-example"},{"extension":[{"url":"http://hl7.org/fhir/StructureDefinition/implementationguide-page","valueUri":"Location-K59AJPYJwW6QNQ7wA.html"}],"reference":{"reference":"Location/K59AJPYJwW6QNQ7wA"},"name":"US-State-Idaho","exampleBoolean":true,"groupingId":"-ex-example"},{"extension":[{"url":"http://hl7.org/fhir/StructureDefinition/implementationguide-page","valueUri":"Location-KuCc5Qat7hFGKYzCf.html"}],"reference":{"reference":"Location/KuCc5Qat7hFGKYzCf"},"name":"US-State-Nevada","exampleBoolean":true,"groupingId":"-ex-example"},{"extension":[{"url":"http://hl7.org/fhir/StructureDefinition/implementationguide-page","valueUri":"Location-Kvwi377gEtBCdbZui.html"}],"reference":{"reference":"Location/Kvwi377gEtBCdbZui"},"name":"US-State-Arkansas","exampleBoolean":true,"groupingId":"-ex-example"},{"extension":[{"url":"http://hl7.org/fhir/StructureDefinition/implementationguide-page","valueUri":"Location-LhboPGc7jCgzL2vvu.html"}],"reference":{"reference":"Location/LhboPGc7jCgzL2vvu"},"name":"US-State-Maine","exampleBoolean":true,"groupingId":"-ex-example"},{"extension":[{"url":"http://hl7.org/fhir/StructureDefinition/implementationguide-page","valueUri":"Location-Q2qPZtAbJHeMucE9d.html"}],"reference":{"reference":"Location/Q2qPZtAbJHeMucE9d"},"name":"US-State-NewMexico","exampleBoolean":true,"groupingId":"-ex-example"},{"extension":[{"url":"http://hl7.org/fhir/StructureDefinition/implementationguide-page","valueUri":"Location-RFiBZbbFiHxjujhSn.html"}],"reference":{"reference":"Location/RFiBZbbFiHxjujhSn"},"name":"US-State-Colorado","exampleBoolean":true,"groupingId":"-ex-example"},{"extension":[{"url":"http://hl7.org/fhir/StructureDefinition/implementationguide-page","valueUri":"Location-SB8aHDPgnMC27fvo4.html"}],"reference":{"reference":"Location/SB8aHDPgnMC27fvo4"},"name":"US-State-Wyoming","exampleBoolean":true,"groupingId":"-ex-example"},{"extension":[{"url":"http://hl7.org/fhir/StructureDefinition/implementationguide-page","valueUri":"Location-T4MtGfNFjuataQdmY.html"}],"reference":{"reference":"Location/T4MtGfNFjuataQdmY"},"name":"US-State-PuertoRico","exampleBoolean":true,"groupingId":"-ex-example"},{"extension":[{"url":"http://hl7.org/fhir/StructureDefinition/implementationguide-page","valueUri":"Location-TEejwFj6hM8NoMfNY.html"}],"reference":{"reference":"Location/TEejwFj6hM8NoMfNY"},"name":"US-State-NorthCarolina","exampleBoolean":true,"groupingId":"-ex-example"},{"extension":[{"url":"http://hl7.org/fhir/StructureDefinition/implementationguide-page","valueUri":"Location-XM35CMNxTr5trv5LA.html"}],"reference":{"reference":"Location/XM35CMNxTr5trv5LA"},"name":"US-State-Connecticut","exampleBoolean":true,"groupingId":"-ex-example"},{"extension":[{"url":"http://hl7.org/fhir/StructureDefinition/implementationguide-page","valueUri":"Location-ZNDWz9oPsWGnxsBCC.html"}],"reference":{"reference":"Location/ZNDWz9oPsWGnxsBCC"},"name":"US-State-Ohio","exampleBoolean":true,"groupingId":"-ex-example"},{"extension":[{"url":"http://hl7.org/fhir/StructureDefinition/implementationguide-page","valueUri":"Location-ZYESg5qBTnJ6Yijb3.html"}],"reference":{"reference":"Location/ZYESg5qBTnJ6Yijb3"},"name":"US-State-SouthCarolina","exampleBoolean":true,"groupingId":"-ex-example"},{"extension":[{"url":"http://hl7.org/fhir/StructureDefinition/implementationguide-page","valueUri":"Location-ZgqTvzE4GzyiJvsh2.html"}],"reference":{"reference":"Location/ZgqTvzE4GzyiJvsh2"},"name":"US-State-WestVirginia","exampleBoolean":true,"groupingId":"-ex-example"},{"extension":[{"url":"http://hl7.org/fhir/StructureDefinition/implementationguide-page","valueUri":"Location-b5QxdJzPkhFgumnCq.html"}],"reference":{"reference":"Location/b5QxdJzPkhFgumnCq"},"name":"US-State-Oregon","exampleBoolean":true,"groupingId":"-ex-example"},{"extension":[{"url":"http://hl7.org/fhir/StructureDefinition/implementationguide-page","valueUri":"Location-bZyK2jj2SW4P9tXXn.html"}],"reference":{"reference":"Location/bZyK2jj2SW4P9tXXn"},"name":"US-State-RhodeIsland","exampleBoolean":true,"groupingId":"-ex-example"},{"extension":[{"url":"http://hl7.org/fhir/StructureDefinition/implementationguide-page","valueUri":"Location-d35Ka8DnExxJqrshG.html"}],"reference":{"reference":"Location/d35Ka8DnExxJqrshG"},"name":"US-State-Florida","exampleBoolean":true,"groupingId":"-ex-example"},{"extension":[{"url":"http://hl7.org/fhir/StructureDefinition/implementationguide-page","valueUri":"Location-eGek52kjH2A5Kw855.html"}],"reference":{"reference":"Location/eGek52kjH2A5Kw855"},"name":"US-State-Wisconsin","exampleBoolean":true,"groupingId":"-ex-example"},{"extension":[{"url":"http://hl7.org/fhir/StructureDefinition/implementationguide-page","valueUri":"Location-f78yCcaohY4ME86e9.html"}],"reference":{"reference":"Location/f78yCcaohY4ME86e9"},"name":"US-State-Nebraska","exampleBoolean":true,"groupingId":"-ex-example"},{"extension":[{"url":"http://hl7.org/fhir/StructureDefinition/implementationguide-page","valueUri":"Location-gapeRqTrszacBkTdH.html"}],"reference":{"reference":"Location/gapeRqTrszacBkTdH"},"name":"US-State-SouthDakota","exampleBoolean":true,"groupingId":"-ex-example"},{"extension":[{"url":"http://hl7.org/fhir/StructureDefinition/implementationguide-page","valueUri":"Location-jCAKbSgksLZANgKAD.html"}],"reference":{"reference":"Location/jCAKbSgksLZANgKAD"},"name":"US-State-Minnesota","exampleBoolean":true,"groupingId":"-ex-example"},{"extension":[{"url":"http://hl7.org/fhir/StructureDefinition/implementationguide-page","valueUri":"Location-kvacH8wZ3GPPwYsdZ.html"}],"reference":{"reference":"Location/kvacH8wZ3GPPwYsdZ"},"name":"US-State-NewHampshire","exampleBoolean":true,"groupingId":"-ex-example"},{"extension":[{"url":"http://hl7.org/fhir/StructureDefinition/implementationguide-page","valueUri":"Location-mvv8hrmBhBtYe6gKs.html"}],"reference":{"reference":"Location/mvv8hrmBhBtYe6gKs"},"name":"US-State-Iowa","exampleBoolean":true,"groupingId":"-ex-example"},{"extension":[{"url":"http://hl7.org/fhir/StructureDefinition/implementationguide-page","valueUri":"Location-ngowMEzNaA4oozNx5.html"}],"reference":{"reference":"Location/ngowMEzNaA4oozNx5"},"name":"US-State-Michigan","exampleBoolean":true,"groupingId":"-ex-example"},{"extension":[{"url":"http://hl7.org/fhir/StructureDefinition/implementationguide-page","valueUri":"Location-rBSqMxWb3XMFYHecM.html"}],"reference":{"reference":"Location/rBSqMxWb3XMFYHecM"},"name":"US-State-Washington","exampleBoolean":true,"groupingId":"-ex-example"},{"extension":[{"url":"http://hl7.org/fhir/StructureDefinition/implementationguide-page","valueUri":"Location-ruvBXFKrhrsfkryfF.html"}],"reference":{"reference":"Location/ruvBXFKrhrsfkryfF"},"name":"US-State-Alaska","exampleBoolean":true,"groupingId":"-ex-example"},{"extension":[{"url":"http://hl7.org/fhir/StructureDefinition/implementationguide-page","valueUri":"Location-sSjfnXC8HBabjnQwF.html"}],"reference":{"reference":"Location/sSjfnXC8HBabjnQwF"},"name":"US-State-NewYork","exampleBoolean":true,"groupingId":"-ex-example"},{"extension":[{"url":"http://hl7.org/fhir/StructureDefinition/implementationguide-page","valueUri":"Location-tBzzRo7D9RGzKQenT.html"}],"reference":{"reference":"Location/tBzzRo7D9RGzKQenT"},"name":"US-State-Illinois","exampleBoolean":true,"groupingId":"-ex-example"},{"extension":[{"url":"http://hl7.org/fhir/StructureDefinition/implementationguide-page","valueUri":"Location-tEexgTiqCd5LiijCe.html"}],"reference":{"reference":"Location/tEexgTiqCd5LiijCe"},"name":"US-State-Arizona","exampleBoolean":true,"groupingId":"-ex-example"},{"extension":[{"url":"http://hl7.org/fhir/StructureDefinition/implementationguide-page","valueUri":"Location-uEkrqm29DjZbHYZiT.html"}],"reference":{"reference":"Location/uEkrqm29DjZbHYZiT"},"name":"US-State-DistrictofColumbia","exampleBoolean":true,"groupingId":"-ex-example"},{"extension":[{"url":"http://hl7.org/fhir/StructureDefinition/implementationguide-page","valueUri":"Location-ug9T4cPp6NDRqMfcc.html"}],"reference":{"reference":"Location/ug9T4cPp6NDRqMfcc"},"name":"US-State-NorthDakota","exampleBoolean":true,"groupingId":"-ex-example"},{"extension":[{"url":"http://hl7.org/fhir/StructureDefinition/implementationguide-page","valueUri":"Location-wPs7mzdsNAwpBQCio.html"}],"reference":{"reference":"Location/wPs7mzdsNAwpBQCio"},"name":"US-State-Kentucky","exampleBoolean":true,"groupingId":"-ex-example"},{"extension":[{"url":"http://hl7.org/fhir/StructureDefinition/implementationguide-page","valueUri":"Location-wpPSL9vjHDXAJQWmC.html"}],"reference":{"reference":"Location/wpPSL9vjHDXAJQWmC"},"name":"US-State-Pennsylvania","exampleBoolean":true,"groupingId":"-ex-example"},{"extension":[{"url":"http://hl7.org/fhir/StructureDefinition/implementationguide-page","valueUri":"Location-yAKjzRQx3mBSdSei4.html"}],"reference":{"reference":"Location/yAKjzRQx3mBSdSei4"},"name":"US-State-Tennessee","exampleBoolean":true,"groupingId":"-ex-example"},{"extension":[{"url":"http://hl7.org/fhir/StructureDefinition/implementationguide-page","valueUri":"Location-zTQuTGuHEy6TsqZFH.html"}],"reference":{"reference":"Location/zTQuTGuHEy6TsqZFH"},"name":"US-State-Massachusetts","exampleBoolean":true,"groupingId":"-ex-example"}],"page":{"extension":[{"url":"http://hl7.org/fhir/tools/StructureDefinition/ig-page-name","valueUrl":"toc.html"}],"nameUrl":"toc.html","title":"Table of Contents","generation":"html","page":[{"extension":[{"url":"http://hl7.org/fhir/tools/StructureDefinition/ig-page-name","valueUrl":"index.html"}],"nameUrl":"index.html","title":"US State Interoperability Profiles","generation":"markdown"},{"extension":[{"url":"http://hl7.org/fhir/tools/StructureDefinition/ig-page-name","valueUrl":"profiles.html"}],"nameUrl":"profiles.html","title":"Regional Profiles","generation":"markdown"},{"extension":[{"url":"http://hl7.org/fhir/tools/StructureDefinition/ig-page-name","valueUrl":"page-advanced-directives.html"}],"nameUrl":"page-advanced-directives.html","title":"Advanced Directives","generation":"markdown"},{"extension":[{"url":"http://hl7.org/fhir/tools/StructureDefinition/ig-page-name","valueUrl":"page-foster-care.html"}],"nameUrl":"page-foster-care.html","title":"Foster Care","generation":"markdown"},{"extension":[{"url":"http://hl7.org/fhir/tools/StructureDefinition/ig-page-name","valueUrl":"page-trans-sports.html"}],"nameUrl":"page-trans-sports.html","title":"Trans Youth Participation in Sports","generation":"markdown"},{"extension":[{"url":"http://hl7.org/fhir/tools/StructureDefinition/ig-page-name","valueUrl":"page-abortion.html"}],"nameUrl":"page-abortion.html","title":"Abortion","generation":"markdown"},{"extension":[{"url":"http://hl7.org/fhir/tools/StructureDefinition/ig-page-name","valueUrl":"page-controlled-substances.html"}],"nameUrl":"page-controlled-substances.html","title":"Controlled Substances","generation":"markdown"},{"extension":[{"url":"http://hl7.org/fhir/tools/StructureDefinition/ig-page-name","valueUrl":"page-religious-exemptions.html"}],"nameUrl":"page-religious-exemptions.html","title":"Religious Exemptions","generation":"markdown"},{"extension":[{"url":"http://hl7.org/fhir/tools/StructureDefinition/ig-page-name","valueUrl":"page-medicaid-expansion.html"}],"nameUrl":"page-medicaid-expansion.html","title":"Medicaid Expansion","generation":"markdown"},{"extension":[{"url":"http://hl7.org/fhir/tools/StructureDefinition/ig-page-name","valueUrl":"page-wpath-at-risk.html"}],"nameUrl":"page-wpath-at-risk.html","title":"WPATH At Risk","generation":"markdown"},{"extension":[{"url":"http://hl7.org/fhir/tools/StructureDefinition/ig-page-name","valueUrl":"state-records.html"}],"nameUrl":"state-records.html","title":"Location Records","generation":"markdown"},{"extension":[{"url":"http://hl7.org/fhir/tools/StructureDefinition/ig-page-name","valueUrl":"artifacts.html"}],"nameUrl":"artifacts.html","title":"Artifacts Summary","generation":"html","page":[{"extension":[{"url":"http://hl7.org/fhir/tools/StructureDefinition/ig-page-name","valueUrl":"StructureDefinition-alabama-consent-profile.html"}],"nameUrl":"StructureDefinition-alabama-consent-profile.html","title":"AlabamaConsentProfile","generation":"generated"},{"extension":[{"url":"http://hl7.org/fhir/tools/StructureDefinition/ig-page-name","valueUrl":"StructureDefinition-alaska-consent-profile.html"}],"nameUrl":"StructureDefinition-alaska-consent-profile.html","title":"AlaskaConsentProfile","generation":"generated"},{"extension":[{"url":"http://hl7.org/fhir/tools/StructureDefinition/ig-page-name","valueUrl":"StructureDefinition-arizona-consent-profile.html"}],"nameUrl":"StructureDefinition-arizona-consent-profile.html","title":"ArizonaConsentProfile","generation":"generated"},{"extension":[{"url":"http://hl7.org/fhir/tools/StructureDefinition/ig-page-name","valueUrl":"StructureDefinition-arkansas-consent-profile.html"}],"nameUrl":"StructureDefinition-arkansas-consent-profile.html","title":"ArkansasConsentProfile","generation":"generated"},{"extension":[{"url":"http://hl7.org/fhir/tools/StructureDefinition/ig-page-name","valueUrl":"StructureDefinition-base-consent-profile.html"}],"nameUrl":"StructureDefinition-base-consent-profile.html","title":"BaseConsentProfile","generation":"generated"},{"extension":[{"url":"http://hl7.org/fhir/tools/StructureDefinition/ig-page-name","valueUrl":"StructureDefinition-california-consent-profile.html"}],"nameUrl":"StructureDefinition-california-consent-profile.html","title":"CaliforniaConsentProfile","generation":"generated"},{"extension":[{"url":"http://hl7.org/fhir/tools/StructureDefinition/ig-page-name","valueUrl":"StructureDefinition-colorado-consent-profile.html"}],"nameUrl":"StructureDefinition-colorado-consent-profile.html","title":"ColoradoConsentProfile","generation":"generated"},{"extension":[{"url":"http://hl7.org/fhir/tools/StructureDefinition/ig-page-name","valueUrl":"StructureDefinition-connecticut-consent-profile.html"}],"nameUrl":"StructureDefinition-connecticut-consent-profile.html","title":"ConnecticutConsentProfile","generation":"generated"},{"extension":[{"url":"http://hl7.org/fhir/tools/StructureDefinition/ig-page-name","valueUrl":"StructureDefinition-delaware-consent-profile.html"}],"nameUrl":"StructureDefinition-delaware-consent-profile.html","title":"DelawareConsentProfile","generation":"generated"},{"extension":[{"url":"http://hl7.org/fhir/tools/StructureDefinition/ig-page-name","valueUrl":"StructureDefinition-district-of-columbia-consent-profile.html"}],"nameUrl":"StructureDefinition-district-of-columbia-consent-profile.html","title":"DistrictOfColumbiaConsentProfile","generation":"generated"},{"extension":[{"url":"http://hl7.org/fhir/tools/StructureDefinition/ig-page-name","valueUrl":"StructureDefinition-florida-consent-profile.html"}],"nameUrl":"StructureDefinition-florida-consent-profile.html","title":"FloridaConsentProfile","generation":"generated"},{"extension":[{"url":"http://hl7.org/fhir/tools/StructureDefinition/ig-page-name","valueUrl":"StructureDefinition-georgia-consent-profile.html"}],"nameUrl":"StructureDefinition-georgia-consent-profile.html","title":"GeorgiaConsentProfile","generation":"generated"},{"extension":[{"url":"http://hl7.org/fhir/tools/StructureDefinition/ig-page-name","valueUrl":"StructureDefinition-hawaii-consent-profile.html"}],"nameUrl":"StructureDefinition-hawaii-consent-profile.html","title":"HawaiiConsentProfile","generation":"generated"},{"extension":[{"url":"http://hl7.org/fhir/tools/StructureDefinition/ig-page-name","valueUrl":"StructureDefinition-idaho-consent-profile.html"}],"nameUrl":"StructureDefinition-idaho-consent-profile.html","title":"IdahoConsentProfile","generation":"generated"},{"extension":[{"url":"http://hl7.org/fhir/tools/StructureDefinition/ig-page-name","valueUrl":"StructureDefinition-illinois-consent-profile.html"}],"nameUrl":"StructureDefinition-illinois-consent-profile.html","title":"IllinoisConsentProfile","generation":"generated"},{"extension":[{"url":"http://hl7.org/fhir/tools/StructureDefinition/ig-page-name","valueUrl":"StructureDefinition-indiana-consent-profile.html"}],"nameUrl":"StructureDefinition-indiana-consent-profile.html","title":"IndianaConsentProfile","generation":"generated"},{"extension":[{"url":"http://hl7.org/fhir/tools/StructureDefinition/ig-page-name","valueUrl":"StructureDefinition-iowa-consent-profile.html"}],"nameUrl":"StructureDefinition-iowa-consent-profile.html","title":"IowaConsentProfile","generation":"generated"},{"extension":[{"url":"http://hl7.org/fhir/tools/StructureDefinition/ig-page-name","valueUrl":"StructureDefinition-kansas-consent-profile.html"}],"nameUrl":"StructureDefinition-kansas-consent-profile.html","title":"KansasConsentProfile","generation":"generated"},{"extension":[{"url":"http://hl7.org/fhir/tools/StructureDefinition/ig-page-name","valueUrl":"StructureDefinition-kentucky-consent-profile.html"}],"nameUrl":"StructureDefinition-kentucky-consent-profile.html","title":"KentuckyConsentProfile","generation":"generated"},{"extension":[{"url":"http://hl7.org/fhir/tools/StructureDefinition/ig-page-name","valueUrl":"StructureDefinition-louisiana-consent-profile.html"}],"nameUrl":"StructureDefinition-louisiana-consent-profile.html","title":"LouisianaConsentProfile","generation":"generated"},{"extension":[{"url":"http://hl7.org/fhir/tools/StructureDefinition/ig-page-name","valueUrl":"StructureDefinition-maine-consent-profile.html"}],"nameUrl":"StructureDefinition-maine-consent-profile.html","title":"MaineConsentProfile","generation":"generated"},{"extension":[{"url":"http://hl7.org/fhir/tools/StructureDefinition/ig-page-name","valueUrl":"StructureDefinition-maryland-consent-profile.html"}],"nameUrl":"StructureDefinition-maryland-consent-profile.html","title":"MarylandConsentProfile","generation":"generated"},{"extension":[{"url":"http://hl7.org/fhir/tools/StructureDefinition/ig-page-name","valueUrl":"StructureDefinition-massachusetts-consent-profile.html"}],"nameUrl":"StructureDefinition-massachusetts-consent-profile.html","title":"MassachusettsConsentProfile","generation":"generated"},{"extension":[{"url":"http://hl7.org/fhir/tools/StructureDefinition/ig-page-name","valueUrl":"StructureDefinition-michigan-consent-profile.html"}],"nameUrl":"StructureDefinition-michigan-consent-profile.html","title":"MichiganConsentProfile","generation":"generated"},{"extension":[{"url":"http://hl7.org/fhir/tools/StructureDefinition/ig-page-name","valueUrl":"StructureDefinition-minnesota-consent-profile.html"}],"nameUrl":"StructureDefinition-minnesota-consent-profile.html","title":"MinnesotaConsentProfile","generation":"generated"},{"extension":[{"url":"http://hl7.org/fhir/tools/StructureDefinition/ig-page-name","valueUrl":"StructureDefinition-mississippi-consent-profile.html"}],"nameUrl":"StructureDefinition-mississippi-consent-profile.html","title":"MississippiConsentProfile","generation":"generated"},{"extension":[{"url":"http://hl7.org/fhir/tools/StructureDefinition/ig-page-name","valueUrl":"StructureDefinition-missouri-consent-profile.html"}],"nameUrl":"StructureDefinition-missouri-consent-profile.html","title":"MissouriConsentProfile","generation":"generated"},{"extension":[{"url":"http://hl7.org/fhir/tools/StructureDefinition/ig-page-name","valueUrl":"StructureDefinition-montana-consent-profile.html"}],"nameUrl":"StructureDefinition-montana-consent-profile.html","title":"MontanaConsentProfile","generation":"generated"},{"extension":[{"url":"http://hl7.org/fhir/tools/StructureDefinition/ig-page-name","valueUrl":"StructureDefinition-nebraska-consent-profile.html"}],"nameUrl":"StructureDefinition-nebraska-consent-profile.html","title":"NebraskaConsentProfile","generation":"generated"},{"extension":[{"url":"http://hl7.org/fhir/tools/StructureDefinition/ig-page-name","valueUrl":"StructureDefinition-nevada-consent-profile.html"}],"nameUrl":"StructureDefinition-nevada-consent-profile.html","title":"NevadaConsentProfile","generation":"generated"},{"extension":[{"url":"http://hl7.org/fhir/tools/StructureDefinition/ig-page-name","valueUrl":"StructureDefinition-new-hampshire-consent-profile.html"}],"nameUrl":"StructureDefinition-new-hampshire-consent-profile.html","title":"NewHampshireConsentProfile","generation":"generated"},{"extension":[{"url":"http://hl7.org/fhir/tools/StructureDefinition/ig-page-name","valueUrl":"StructureDefinition-new-jersey-consent-profile.html"}],"nameUrl":"StructureDefinition-new-jersey-consent-profile.html","title":"NewJerseyConsentProfile","generation":"generated"},{"extension":[{"url":"http://hl7.org/fhir/tools/StructureDefinition/ig-page-name","valueUrl":"StructureDefinition-new-mexico-consent-profile.html"}],"nameUrl":"StructureDefinition-new-mexico-consent-profile.html","title":"NewMexicoConsentProfile","generation":"generated"},{"extension":[{"url":"http://hl7.org/fhir/tools/StructureDefinition/ig-page-name","valueUrl":"StructureDefinition-new-york-consent-profile.html"}],"nameUrl":"StructureDefinition-new-york-consent-profile.html","title":"NewYorkConsentProfile","generation":"generated"},{"extension":[{"url":"http://hl7.org/fhir/tools/StructureDefinition/ig-page-name","valueUrl":"StructureDefinition-north-carolina-consent-profile.html"}],"nameUrl":"StructureDefinition-north-carolina-consent-profile.html","title":"NorthCarolinaConsentProfile","generation":"generated"},{"extension":[{"url":"http://hl7.org/fhir/tools/StructureDefinition/ig-page-name","valueUrl":"StructureDefinition-north-dakota-consent-profile.html"}],"nameUrl":"StructureDefinition-north-dakota-consent-profile.html","title":"NorthDakotaConsentProfile","generation":"generated"},{"extension":[{"url":"http://hl7.org/fhir/tools/StructureDefinition/ig-page-name","valueUrl":"StructureDefinition-ohio-consent-profile.html"}],"nameUrl":"StructureDefinition-ohio-consent-profile.html","title":"OhioConsentProfile","generation":"generated"},{"extension":[{"url":"http://hl7.org/fhir/tools/StructureDefinition/ig-page-name","valueUrl":"StructureDefinition-oklahoma-consent-profile.html"}],"nameUrl":"StructureDefinition-oklahoma-consent-profile.html","title":"OklahomaConsentProfile","generation":"generated"},{"extension":[{"url":"http://hl7.org/fhir/tools/StructureDefinition/ig-page-name","valueUrl":"StructureDefinition-oregon-consent-profile.html"}],"nameUrl":"StructureDefinition-oregon-consent-profile.html","title":"OregonConsentProfile","generation":"generated"},{"extension":[{"url":"http://hl7.org/fhir/tools/StructureDefinition/ig-page-name","valueUrl":"StructureDefinition-pennsylvania-consent-profile.html"}],"nameUrl":"StructureDefinition-pennsylvania-consent-profile.html","title":"PennsylvaniaConsentProfile","generation":"generated"},{"extension":[{"url":"http://hl7.org/fhir/tools/StructureDefinition/ig-page-name","valueUrl":"StructureDefinition-rhode-island-consent-profile.html"}],"nameUrl":"StructureDefinition-rhode-island-consent-profile.html","title":"RhodeIslandConsentProfile","generation":"generated"},{"extension":[{"url":"http://hl7.org/fhir/tools/StructureDefinition/ig-page-name","valueUrl":"StructureDefinition-south-carolina-consent-profile.html"}],"nameUrl":"StructureDefinition-south-carolina-consent-profile.html","title":"SouthCarolinaConsentProfile","generation":"generated"},{"extension":[{"url":"http://hl7.org/fhir/tools/StructureDefinition/ig-page-name","valueUrl":"StructureDefinition-south-dakota-consent-profile.html"}],"nameUrl":"StructureDefinition-south-dakota-consent-profile.html","title":"SouthDakotaConsentProfile","generation":"generated"},{"extension":[{"url":"http://hl7.org/fhir/tools/StructureDefinition/ig-page-name","valueUrl":"StructureDefinition-tennessee-consent-profile.html"}],"nameUrl":"StructureDefinition-tennessee-consent-profile.html","title":"TennesseeConsentProfile","generation":"generated"},{"extension":[{"url":"http://hl7.org/fhir/tools/StructureDefinition/ig-page-name","valueUrl":"StructureDefinition-texas-consent-profile.html"}],"nameUrl":"StructureDefinition-texas-consent-profile.html","title":"TexasConsentProfile","generation":"generated"},{"extension":[{"url":"http://hl7.org/fhir/tools/StructureDefinition/ig-page-name","valueUrl":"StructureDefinition-utah-consent-profile.html"}],"nameUrl":"StructureDefinition-utah-consent-profile.html","title":"UtahConsentProfile","generation":"generated"},{"extension":[{"url":"http://hl7.org/fhir/tools/StructureDefinition/ig-page-name","valueUrl":"StructureDefinition-vermont-consent-profile.html"}],"nameUrl":"StructureDefinition-vermont-consent-profile.html","title":"VermontConsentProfile","generation":"generated"},{"extension":[{"url":"http://hl7.org/fhir/tools/StructureDefinition/ig-page-name","valueUrl":"StructureDefinition-virginia-consent-profile.html"}],"nameUrl":"StructureDefinition-virginia-consent-profile.html","title":"VirginiaConsentProfile","generation":"generated"},{"extension":[{"url":"http://hl7.org/fhir/tools/StructureDefinition/ig-page-name","valueUrl":"StructureDefinition-washington-consent-profile.html"}],"nameUrl":"StructureDefinition-washington-consent-profile.html","title":"WashingtonConsentProfile","generation":"generated"},{"extension":[{"url":"http://hl7.org/fhir/tools/StructureDefinition/ig-page-name","valueUrl":"StructureDefinition-west-virginia-consent-profile.html"}],"nameUrl":"StructureDefinition-west-virginia-consent-profile.html","title":"WestVirginiaConsentProfile","generation":"generated"},{"extension":[{"url":"http://hl7.org/fhir/tools/StructureDefinition/ig-page-name","valueUrl":"ValueSet-ConsentExchangePolicies.html"}],"nameUrl":"ValueSet-ConsentExchangePolicies.html","title":"ConsentExchangePolicies","generation":"generated"},{"extension":[{"url":"http://hl7.org/fhir/tools/StructureDefinition/ig-page-name","valueUrl":"Location-2cdHJo5nLPDtnbfnS.html"}],"nameUrl":"Location-2cdHJo5nLPDtnbfnS.html","title":"US-State-Indiana","generation":"generated"},{"extension":[{"url":"http://hl7.org/fhir/tools/StructureDefinition/ig-page-name","valueUrl":"Location-36Ad9SeqqzcWjZELq.html"}],"nameUrl":"Location-36Ad9SeqqzcWjZELq.html","title":"US-State-Alabama","generation":"generated"},{"extension":[{"url":"http://hl7.org/fhir/tools/StructureDefinition/ig-page-name","valueUrl":"Location-3L8sHLL4cyBoLfQ5X.html"}],"nameUrl":"Location-3L8sHLL4cyBoLfQ5X.html","title":"US-State-Georgia","generation":"generated"},{"extension":[{"url":"http://hl7.org/fhir/tools/StructureDefinition/ig-page-name","valueUrl":"Location-3zjF5MkrEZEErco7v.html"}],"nameUrl":"Location-3zjF5MkrEZEErco7v.html","title":"US-State-California","generation":"generated"},{"extension":[{"url":"http://hl7.org/fhir/tools/StructureDefinition/ig-page-name","valueUrl":"Location-4G954mNr3nR5rfCvw.html"}],"nameUrl":"Location-4G954mNr3nR5rfCvw.html","title":"US-State-Texas","generation":"generated"},{"extension":[{"url":"http://hl7.org/fhir/tools/StructureDefinition/ig-page-name","valueUrl":"Location-4gJBt2RovtF8oBk8h.html"}],"nameUrl":"Location-4gJBt2RovtF8oBk8h.html","title":"US-State-Louisiana","generation":"generated"},{"extension":[{"url":"http://hl7.org/fhir/tools/StructureDefinition/ig-page-name","valueUrl":"Location-53z8N28EAfKtbvBNm.html"}],"nameUrl":"Location-53z8N28EAfKtbvBNm.html","title":"US-State-Mississippi","generation":"generated"},{"extension":[{"url":"http://hl7.org/fhir/tools/StructureDefinition/ig-page-name","valueUrl":"Location-5QYLy3D3fdD2BSGy5.html"}],"nameUrl":"Location-5QYLy3D3fdD2BSGy5.html","title":"US-State-Delaware","generation":"generated"},{"extension":[{"url":"http://hl7.org/fhir/tools/StructureDefinition/ig-page-name","valueUrl":"Location-6EBdzCFG6sXWYv3cy.html"}],"nameUrl":"Location-6EBdzCFG6sXWYv3cy.html","title":"US-State-Hawaii","generation":"generated"},{"extension":[{"url":"http://hl7.org/fhir/tools/StructureDefinition/ig-page-name","valueUrl":"Location-7ZqFrka5qdYameBAM.html"}],"nameUrl":"Location-7ZqFrka5qdYameBAM.html","title":"US-State-Missouri","generation":"generated"},{"extension":[{"url":"http://hl7.org/fhir/tools/StructureDefinition/ig-page-name","valueUrl":"Location-8MoDhJYvb4sMLeTRT.html"}],"nameUrl":"Location-8MoDhJYvb4sMLeTRT.html","title":"US-State-Vermont","generation":"generated"},{"extension":[{"url":"http://hl7.org/fhir/tools/StructureDefinition/ig-page-name","valueUrl":"Location-9KxMxodWCSpsmFAsx.html"}],"nameUrl":"Location-9KxMxodWCSpsmFAsx.html","title":"US-State-Utah","generation":"generated"},{"extension":[{"url":"http://hl7.org/fhir/tools/StructureDefinition/ig-page-name","valueUrl":"Location-BdPME6PAm7McYxize.html"}],"nameUrl":"Location-BdPME6PAm7McYxize.html","title":"US-State-NewJersey","generation":"generated"},{"extension":[{"url":"http://hl7.org/fhir/tools/StructureDefinition/ig-page-name","valueUrl":"Location-C3mPJq92ijWAT4M95.html"}],"nameUrl":"Location-C3mPJq92ijWAT4M95.html","title":"US-State-Kansas","generation":"generated"},{"extension":[{"url":"http://hl7.org/fhir/tools/StructureDefinition/ig-page-name","valueUrl":"Location-D5xG52A3yC2YTz8uG.html"}],"nameUrl":"Location-D5xG52A3yC2YTz8uG.html","title":"US-State-Maryland","generation":"generated"},{"extension":[{"url":"http://hl7.org/fhir/tools/StructureDefinition/ig-page-name","valueUrl":"Location-E34hsfDZnFzWDDvrH.html"}],"nameUrl":"Location-E34hsfDZnFzWDDvrH.html","title":"US-State-Oklahoma","generation":"generated"},{"extension":[{"url":"http://hl7.org/fhir/tools/StructureDefinition/ig-page-name","valueUrl":"Location-ErMYAiSgWFYzPYxd4.html"}],"nameUrl":"Location-ErMYAiSgWFYzPYxd4.html","title":"US-State-Virginia","generation":"generated"},{"extension":[{"url":"http://hl7.org/fhir/tools/StructureDefinition/ig-page-name","valueUrl":"Location-JAjsaAFPbnjmqm7ht.html"}],"nameUrl":"Location-JAjsaAFPbnjmqm7ht.html","title":"US-State-Montana","generation":"generated"},{"extension":[{"url":"http://hl7.org/fhir/tools/StructureDefinition/ig-page-name","valueUrl":"Location-K59AJPYJwW6QNQ7wA.html"}],"nameUrl":"Location-K59AJPYJwW6QNQ7wA.html","title":"US-State-Idaho","generation":"generated"},{"extension":[{"url":"http://hl7.org/fhir/tools/StructureDefinition/ig-page-name","valueUrl":"Location-KuCc5Qat7hFGKYzCf.html"}],"nameUrl":"Location-KuCc5Qat7hFGKYzCf.html","title":"US-State-Nevada","generation":"generated"},{"extension":[{"url":"http://hl7.org/fhir/tools/StructureDefinition/ig-page-name","valueUrl":"Location-Kvwi377gEtBCdbZui.html"}],"nameUrl":"Location-Kvwi377gEtBCdbZui.html","title":"US-State-Arkansas","generation":"generated"},{"extension":[{"url":"http://hl7.org/fhir/tools/StructureDefinition/ig-page-name","valueUrl":"Location-LhboPGc7jCgzL2vvu.html"}],"nameUrl":"Location-LhboPGc7jCgzL2vvu.html","title":"US-State-Maine","generation":"generated"},{"extension":[{"url":"http://hl7.org/fhir/tools/StructureDefinition/ig-page-name","valueUrl":"Location-Q2qPZtAbJHeMucE9d.html"}],"nameUrl":"Location-Q2qPZtAbJHeMucE9d.html","title":"US-State-NewMexico","generation":"generated"},{"extension":[{"url":"http://hl7.org/fhir/tools/StructureDefinition/ig-page-name","valueUrl":"Location-RFiBZbbFiHxjujhSn.html"}],"nameUrl":"Location-RFiBZbbFiHxjujhSn.html","title":"US-State-Colorado","generation":"generated"},{"extension":[{"url":"http://hl7.org/fhir/tools/StructureDefinition/ig-page-name","valueUrl":"Location-SB8aHDPgnMC27fvo4.html"}],"nameUrl":"Location-SB8aHDPgnMC27fvo4.html","title":"US-State-Wyoming","generation":"generated"},{"extension":[{"url":"http://hl7.org/fhir/tools/StructureDefinition/ig-page-name","valueUrl":"Location-T4MtGfNFjuataQdmY.html"}],"nameUrl":"Location-T4MtGfNFjuataQdmY.html","title":"US-State-PuertoRico","generation":"generated"},{"extension":[{"url":"http://hl7.org/fhir/tools/StructureDefinition/ig-page-name","valueUrl":"Location-TEejwFj6hM8NoMfNY.html"}],"nameUrl":"Location-TEejwFj6hM8NoMfNY.html","title":"US-State-NorthCarolina","generation":"generated"},{"extension":[{"url":"http://hl7.org/fhir/tools/StructureDefinition/ig-page-name","valueUrl":"Location-XM35CMNxTr5trv5LA.html"}],"nameUrl":"Location-XM35CMNxTr5trv5LA.html","title":"US-State-Connecticut","generation":"generated"},{"extension":[{"url":"http://hl7.org/fhir/tools/StructureDefinition/ig-page-name","valueUrl":"Location-ZNDWz9oPsWGnxsBCC.html"}],"nameUrl":"Location-ZNDWz9oPsWGnxsBCC.html","title":"US-State-Ohio","generation":"generated"},{"extension":[{"url":"http://hl7.org/fhir/tools/StructureDefinition/ig-page-name","valueUrl":"Location-ZYESg5qBTnJ6Yijb3.html"}],"nameUrl":"Location-ZYESg5qBTnJ6Yijb3.html","title":"US-State-SouthCarolina","generation":"generated"},{"extension":[{"url":"http://hl7.org/fhir/tools/StructureDefinition/ig-page-name","valueUrl":"Location-ZgqTvzE4GzyiJvsh2.html"}],"nameUrl":"Location-ZgqTvzE4GzyiJvsh2.html","title":"US-State-WestVirginia","generation":"generated"},{"extension":[{"url":"http://hl7.org/fhir/tools/StructureDefinition/ig-page-name","valueUrl":"Location-b5QxdJzPkhFgumnCq.html"}],"nameUrl":"Location-b5QxdJzPkhFgumnCq.html","title":"US-State-Oregon","generation":"generated"},{"extension":[{"url":"http://hl7.org/fhir/tools/StructureDefinition/ig-page-name","valueUrl":"Location-bZyK2jj2SW4P9tXXn.html"}],"nameUrl":"Location-bZyK2jj2SW4P9tXXn.html","title":"US-State-RhodeIsland","generation":"generated"},{"extension":[{"url":"http://hl7.org/fhir/tools/StructureDefinition/ig-page-name","valueUrl":"Location-d35Ka8DnExxJqrshG.html"}],"nameUrl":"Location-d35Ka8DnExxJqrshG.html","title":"US-State-Florida","generation":"generated"},{"extension":[{"url":"http://hl7.org/fhir/tools/StructureDefinition/ig-page-name","valueUrl":"Location-eGek52kjH2A5Kw855.html"}],"nameUrl":"Location-eGek52kjH2A5Kw855.html","title":"US-State-Wisconsin","generation":"generated"},{"extension":[{"url":"http://hl7.org/fhir/tools/StructureDefinition/ig-page-name","valueUrl":"Location-f78yCcaohY4ME86e9.html"}],"nameUrl":"Location-f78yCcaohY4ME86e9.html","title":"US-State-Nebraska","generation":"generated"},{"extension":[{"url":"http://hl7.org/fhir/tools/StructureDefinition/ig-page-name","valueUrl":"Location-gapeRqTrszacBkTdH.html"}],"nameUrl":"Location-gapeRqTrszacBkTdH.html","title":"US-State-SouthDakota","generation":"generated"},{"extension":[{"url":"http://hl7.org/fhir/tools/StructureDefinition/ig-page-name","valueUrl":"Location-jCAKbSgksLZANgKAD.html"}],"nameUrl":"Location-jCAKbSgksLZANgKAD.html","title":"US-State-Minnesota","generation":"generated"},{"extension":[{"url":"http://hl7.org/fhir/tools/StructureDefinition/ig-page-name","valueUrl":"Location-kvacH8wZ3GPPwYsdZ.html"}],"nameUrl":"Location-kvacH8wZ3GPPwYsdZ.html","title":"US-State-NewHampshire","generation":"generated"},{"extension":[{"url":"http://hl7.org/fhir/tools/StructureDefinition/ig-page-name","valueUrl":"Location-mvv8hrmBhBtYe6gKs.html"}],"nameUrl":"Location-mvv8hrmBhBtYe6gKs.html","title":"US-State-Iowa","generation":"generated"},{"extension":[{"url":"http://hl7.org/fhir/tools/StructureDefinition/ig-page-name","valueUrl":"Location-ngowMEzNaA4oozNx5.html"}],"nameUrl":"Location-ngowMEzNaA4oozNx5.html","title":"US-State-Michigan","generation":"generated"},{"extension":[{"url":"http://hl7.org/fhir/tools/StructureDefinition/ig-page-name","valueUrl":"Location-rBSqMxWb3XMFYHecM.html"}],"nameUrl":"Location-rBSqMxWb3XMFYHecM.html","title":"US-State-Washington","generation":"generated"},{"extension":[{"url":"http://hl7.org/fhir/tools/StructureDefinition/ig-page-name","valueUrl":"Location-ruvBXFKrhrsfkryfF.html"}],"nameUrl":"Location-ruvBXFKrhrsfkryfF.html","title":"US-State-Alaska","generation":"generated"},{"extension":[{"url":"http://hl7.org/fhir/tools/StructureDefinition/ig-page-name","valueUrl":"Location-sSjfnXC8HBabjnQwF.html"}],"nameUrl":"Location-sSjfnXC8HBabjnQwF.html","title":"US-State-NewYork","generation":"generated"},{"extension":[{"url":"http://hl7.org/fhir/tools/StructureDefinition/ig-page-name","valueUrl":"Location-tBzzRo7D9RGzKQenT.html"}],"nameUrl":"Location-tBzzRo7D9RGzKQenT.html","title":"US-State-Illinois","generation":"generated"},{"extension":[{"url":"http://hl7.org/fhir/tools/StructureDefinition/ig-page-name","valueUrl":"Location-tEexgTiqCd5LiijCe.html"}],"nameUrl":"Location-tEexgTiqCd5LiijCe.html","title":"US-State-Arizona","generation":"generated"},{"extension":[{"url":"http://hl7.org/fhir/tools/StructureDefinition/ig-page-name","valueUrl":"Location-uEkrqm29DjZbHYZiT.html"}],"nameUrl":"Location-uEkrqm29DjZbHYZiT.html","title":"US-State-DistrictofColumbia","generation":"generated"},{"extension":[{"url":"http://hl7.org/fhir/tools/StructureDefinition/ig-page-name","valueUrl":"Location-ug9T4cPp6NDRqMfcc.html"}],"nameUrl":"Location-ug9T4cPp6NDRqMfcc.html","title":"US-State-NorthDakota","generation":"generated"},{"extension":[{"url":"http://hl7.org/fhir/tools/StructureDefinition/ig-page-name","valueUrl":"Location-wPs7mzdsNAwpBQCio.html"}],"nameUrl":"Location-wPs7mzdsNAwpBQCio.html","title":"US-State-Kentucky","generation":"generated"},{"extension":[{"url":"http://hl7.org/fhir/tools/StructureDefinition/ig-page-name","valueUrl":"Location-wpPSL9vjHDXAJQWmC.html"}],"nameUrl":"Location-wpPSL9vjHDXAJQWmC.html","title":"US-State-Pennsylvania","generation":"generated"},{"extension":[{"url":"http://hl7.org/fhir/tools/StructureDefinition/ig-page-name","valueUrl":"Location-yAKjzRQx3mBSdSei4.html"}],"nameUrl":"Location-yAKjzRQx3mBSdSei4.html","title":"US-State-Tennessee","generation":"generated"},{"extension":[{"url":"http://hl7.org/fhir/tools/StructureDefinition/ig-page-name","valueUrl":"Location-zTQuTGuHEy6TsqZFH.html"}],"nameUrl":"Location-zTQuTGuHEy6TsqZFH.html","title":"US-State-Massachusetts","generation":"generated"}]}]},"parameter":[{"code":"path-resource","value":"input/capabilities"},{"code":"path-resource","value":"input/examples"},{"code":"path-resource","value":"input/extensions"},{"code":"path-resource","value":"input/models"},{"code":"path-resource","value":"input/operations"},{"code":"path-resource","value":"input/profiles"},{"code":"path-resource","value":"input/resources"},{"code":"path-resource","value":"input/vocabulary"},{"code":"path-resource","value":"input/maps"},{"code":"path-resource","value":"input/testing"},{"code":"path-resource","value":"input/history"},{"code":"path-resource","value":"fsh-generated/resources"},{"code":"path-pages","value":"template/config"},{"code":"path-pages","value":"input/images"},{"code":"path-tx-cache","value":"input-cache/txcache"}]}}