{
  "resourceType" : "ValueSet",
  "id" : "ConsentExchangePolicies",
  "text" : {
    "status" : "generated",
    "div" : "<div xmlns=\"http://www.w3.org/1999/xhtml\"><p class=\"res-header-id\"><b>Generated Narrative: ValueSet ConsentExchangePolicies</b></p><a name=\"ConsentExchangePolicies\"> </a><a name=\"hcConsentExchangePolicies\"> </a><a name=\"ConsentExchangePolicies-en-US\"> </a><p>This value set includes codes based on the following rules:</p><ul><li>Include all codes defined in <code>http://mehi-ig.tranquildata.com/CodeSystem/PayorToPayorExchangePolicyCodes</code></li><li>Import all the codes that are contained in <a href=\"http://hl7.org/fhir/R4/valueset-consent-policy.html\">Consent PolicyRule Codes</a></li></ul></div>"
  },
  "url" : "https://github.com/awatson1978/us-state-profiles/ValueSet/ConsentExchangePolicies",
  "version" : "0.6.6",
  "name" : "ConsentExchangePolicies",
  "title" : "ConsentExchangePolicies",
  "status" : "draft",
  "date" : "2025-03-04T10:14:54-06:00",
  "publisher" : "The MITRE Corporation",
  "contact" : [{
    "name" : "The MITRE Corporation",
    "telecom" : [{
      "system" : "url",
      "value" : "https://github.com/awatson1978/us-state-profiles"
    }]
  }],
  "description" : "Consent Exchange - Policies",
  "compose" : {
    "include" : [{
      "system" : "http://mehi-ig.tranquildata.com/CodeSystem/PayorToPayorExchangePolicyCodes"
    },
    {
      "valueSet" : ["http://hl7.org/fhir/ValueSet/consent-policy"]
    }]
  }
}