<?xml version="1.0" encoding="UTF-8"?>

<Consent xmlns="http://hl7.org/fhir">
  <id value="AlabamaConsentProfile"/>
  <text>
    <status value="generated"/><div xmlns="http://www.w3.org/1999/xhtml"><p class="res-header-id"><b>Generated Narrative: Consent AlabamaConsentProfile</b></p><a name="AlabamaConsentProfile"> </a><a name="hcAlabamaConsentProfile"> </a><a name="AlabamaConsentProfile-en-US"> </a><p><b>status</b>: Active</p><p><b>scope</b>: <span title="Codes:{http://terminology.hl7.org/CodeSystem/consentscope patient-privacy}">Privacy Consent</span></p><p><b>category</b>: <span title="Codes:">57017-6</span></p><p><b>dateTime</b>: 2024-01-29 03:30:56+0000</p><p><b>organization</b>: <a href="AL">State of Alabama</a></p><p><b>source</b>: </p><blockquote><p><b>provision</b></p><p><b>type</b>: Opt In</p><h3>Provisions</h3><table class="grid"><tr><td style="display: none">-</td><td><b>Type</b></td><td><b>Class</b></td><td><b>Code</b></td></tr><tr><td style="display: none">*</td><td>Opt Out</td><td><a href="http://hl7.org/fhir/R4/codesystem-resource-types.html#resource-types-ActivityDefinition">ResourceType</a> ActivityDefinition: ActivityDefinition</td><td><span title="Codes:{http://snomed.info/sct 14468000}">Sports</span></td></tr><tr><td style="display: none">*</td><td> </td><td> </td><td><span title="Codes:{http://snomed.info/sct 20461001}">Swimming</span></td></tr><tr><td style="display: none">*</td><td>Opt Out</td><td><a href="http://hl7.org/fhir/R4/codesystem-resource-types.html#resource-types-Procedure">ResourceType</a> Procedure: Procedure</td><td><span title="Codes:{http://snomed.info/sct 266717002}, {http://snomed.info/sct 719670005}">Pediatric Gender Medicine</span></td></tr><tr><td style="display: none">*</td><td>Opt Out</td><td><a href="http://hl7.org/fhir/R4/codesystem-resource-types.html#resource-types-Procedure">ResourceType</a> Procedure: Procedure</td><td><span title="Codes:{http://snomed.info/sct 386639001}">Abortion</span></td></tr><tr><td style="display: none">*</td><td>Opt In</td><td><a href="http://hl7.org/fhir/R4/codesystem-resource-types.html#resource-types-Practitioner">ResourceType</a> Practitioner: Practitioner</td><td><span title="Codes:{http://snomed.info/sct 443390004}">Decline</span></td></tr></table></blockquote></div>
  </text>
  <status value="active"/>
  <scope>
    <coding>
      <system value="http://terminology.hl7.org/CodeSystem/consentscope"/>
      <code value="patient-privacy"/>
      <display value="Privacy Consent"/>
    </coding>
  </scope>
  <category>
    <coding>
      <code value="57017-6"/>
    </coding>
  </category>
  <dateTime value="2024-01-29T03:30:56.916Z"/>
  <organization>
    <reference value="AL"/>
    <display value="State of Alabama"/>
  </organization>
  <sourceAttachment>
    <title value="The terms of the consent in lawyer speak."/>
    <creation value="2016-08-22"/>
  </sourceAttachment>
  <provision>
    <type value="permit"/>
    <provision>
      <type value="deny"/>
      <class>
        <system value="http://hl7.org/fhir/resource-types"/>
        <code value="ActivityDefinition"/>
        <display value="ActivityDefinition"/>
      </class>
      <code>
        <coding>
          <system value="http://snomed.info/sct"/>
          <code value="14468000"/>
          <display value="Sports activity (observable entity)"/>
        </coding>
        <text value="Sports"/>
      </code>
    </provision>
    <provision>
      <code>
        <coding>
          <system value="http://snomed.info/sct"/>
          <code value="20461001"/>
          <display value="Swimming (qualifier value)"/>
        </coding>
        <text value="Swimming"/>
      </code>
    </provision>
    <provision>
      <type value="deny"/>
      <class>
        <system value="http://hl7.org/fhir/resource-types"/>
        <code value="Procedure"/>
        <display value="Procedure"/>
      </class>
      <code>
        <coding>
          <system value="http://snomed.info/sct"/>
          <code value="266717002"/>
          <display value="Hormone replacement therapy (procedure)"/>
        </coding>
        <coding>
          <system value="http://snomed.info/sct"/>
          <code value="719670005"/>
          <display value="Gender confirmation surgery (procedure)"/>
        </coding>
        <text value="Pediatric Gender Medicine"/>
      </code>
    </provision>
    <provision>
      <type value="deny"/>
      <class>
        <system value="http://hl7.org/fhir/resource-types"/>
        <code value="Procedure"/>
        <display value="Procedure"/>
      </class>
      <code>
        <coding>
          <system value="http://snomed.info/sct"/>
          <code value="386639001"/>
          <display value="Termination of pregnancy (procedure)"/>
        </coding>
        <text value="Abortion"/>
      </code>
    </provision>
    <provision>
      <type value="permit"/>
      <class>
        <system value="http://hl7.org/fhir/resource-types"/>
        <code value="Practitioner"/>
        <display value="Practitioner"/>
      </class>
      <code>
        <coding>
          <system value="http://snomed.info/sct"/>
          <code value="443390004"/>
          <display value="Refused (qualifier value)"/>
        </coding>
        <text value="Decline"/>
      </code>
    </provision>
  </provision>
</Consent>