{
  "resourceType" : "Consent",
  "id" : "PennsylvaniaConsentProfile",
  "text" : {
    "status" : "generated",
    "div" : "<div xmlns=\"http://www.w3.org/1999/xhtml\"><p><b>Generated Narrative: Consent</b><a name=\"PennsylvaniaConsentProfile\"> </a></p><div style=\"display: inline-block; background-color: #d9e0e7; padding: 6px; margin: 4px; border: 1px solid #8da1b4; border-radius: 5px; line-height: 60%\"><p style=\"margin-bottom: 0px\">Resource Consent &quot;PennsylvaniaConsentProfile&quot; </p></div><p><b>status</b>: active</p><p><b>scope</b>: Privacy Consent <span style=\"background: LightGoldenRodYellow; margin: 4px; border: 1px solid khaki\"> (<a href=\"http://terminology.hl7.org/5.3.0/CodeSystem-consentscope.html\">Consent Scope Codes</a>#patient-privacy)</span></p><p><b>category</b>: Privacy policy Organization Document <span style=\"background: LightGoldenRodYellow; margin: 4px; border: 1px solid khaki\"> (<a href=\"https://loinc.org/\">LOINC</a>#57017-6)</span></p><p><b>dateTime</b>: 2024-01-29 16:57:23+0000</p><p><b>organization</b>: <a href=\"PA\">PA: State of Pennsylvania</a></p><p><b>source</b>: </p><blockquote><p><b>provision</b></p><p><b>type</b>: permit</p><h3>Provisions</h3><table class=\"grid\"><tr><td>-</td><td><b>Type</b></td><td><b>Class</b></td><td><b>Code</b></td></tr><tr><td>*</td><td>permit</td><td>Practitioner (Details: http://hl7.org/fhir/resource-types code Practitioner = 'Practitioner', stated as 'Practitioner')</td><td>Doula <span style=\"background: LightGoldenRodYellow; margin: 4px; border: 1px solid khaki\"> (<a href=\"https://browser.ihtsdotools.org/\">SNOMED CT</a>#768825008 &quot;Doula (occupation)&quot;)</span></td></tr><tr><td>*</td><td>permit</td><td>Coverage (Details: http://hl7.org/fhir/resource-types code Coverage = 'Coverage', stated as 'Coverage')</td><td>Medicaid Expansion <span style=\"background: LightGoldenRodYellow; margin: 4px; border: 1px solid khaki\"> ([not stated]#SUBSUPP &quot;subsidized supplemental health program&quot;)</span></td></tr></table></blockquote></div>"
  },
  "status" : "active",
  "scope" : {
    "coding" : [{
      "system" : "http://terminology.hl7.org/CodeSystem/consentscope",
      "code" : "patient-privacy",
      "display" : "Privacy Consent"
    }]
  },
  "category" : [{
    "coding" : [{
      "system" : "http://loinc.org",
      "code" : "57017-6",
      "display" : "Privacy policy Organization Document"
    }]
  }],
  "dateTime" : "2024-01-29T16:57:23.718Z",
  "organization" : [{
    "reference" : "PA",
    "display" : "State of Pennsylvania"
  }],
  "sourceAttachment" : {
    "title" : "The terms of the consent in lawyer speak.",
    "creation" : "2016-08-22"
  },
  "provision" : {
    "type" : "permit",
    "provision" : [{
      "type" : "permit",
      "class" : [{
        "system" : "http://hl7.org/fhir/resource-types",
        "code" : "Practitioner",
        "display" : "Practitioner"
      }],
      "code" : [{
        "coding" : [{
          "system" : "http://snomed.info/sct",
          "code" : "768825008",
          "display" : "Doula (occupation)"
        }],
        "text" : "Doula"
      }]
    },
    {
      "type" : "permit",
      "class" : [{
        "system" : "http://hl7.org/fhir/resource-types",
        "code" : "Coverage",
        "display" : "Coverage"
      }],
      "code" : [{
        "coding" : [{
          "code" : "SUBSUPP",
          "display" : "subsidized supplemental health program"
        }],
        "text" : "Medicaid Expansion"
      }]
    }]
  }
}