<?xml version="1.0" encoding="UTF-8"?>

<Medication xmlns="http://hl7.org/fhir">
  <id value="estrodiol-contraceptive"/>
  <text>
    <status value="generated"/><div xmlns="http://www.w3.org/1999/xhtml"><p><b>Generated Narrative</b></p><div style="display: inline-block; background-color: #d9e0e7; padding: 6px; margin: 4px; border: 1px solid #8da1b4; border-radius: 5px; line-height: 60%"><p style="margin-bottom: 0px">Resource "estrodiol-contraceptive" </p></div><p><b>status</b>: active</p><p><b>form</b>: Tablet dose form (qualifier value) <span style="background: LightGoldenRodYellow; margin: 4px; border: 1px solid khaki"> (<a href="https://browser.ihtsdotools.org/">SNOMED CT</a>#385055001)</span></p><h3>Ingredients</h3><table class="grid"><tr><td>-</td><td><b>Item[x]</b></td><td><b>Strength</b></td></tr><tr><td>*</td><td>Estradiol valerate <span style="background: LightGoldenRodYellow; margin: 4px; border: 1px solid khaki"> (<a href="http://terminology.hl7.org/3.0.0/CodeSystem-v3-rxNorm.html">RxNorm</a>#24395)</span></td><td>2 mg<span style="background: LightGoldenRodYellow"> (Details: UCUM code mg = 'mg')</span>/1(unit TAB from http://terminology.hl7.org/CodeSystem/v3-orderableDrugForm)<span style="background: LightGoldenRodYellow"> (Details: http://terminology.hl7.org/CodeSystem/v3-orderableDrugForm code TAB = 'Tablet')</span></td></tr></table></div>
  </text>
  <status value="active"/>
  <form>
    <coding>
      <system value="http://snomed.info/sct"/>
      <code value="385055001"/>
      <display value="Tablet dose form (qualifier value)"/>
    </coding>
  </form>
  <ingredient>
    <itemCodeableConcept>
      <coding>
        <system value="http://www.nlm.nih.gov/research/umls/rxnorm"/>
        <code value="24395"/>
        <display value="Estradiol valerate"/>
      </coding>
    </itemCodeableConcept>
    <strength>
      <numerator>
        <value value="2"/>
        <system value="http://unitsofmeasure.org"/>
        <code value="mg"/>
      </numerator>
      <denominator>
        <value value="1"/>
        <system value="http://terminology.hl7.org/CodeSystem/v3-orderableDrugForm"/>
        <code value="TAB"/>
      </denominator>
    </strength>
  </ingredient>
</Medication>