{
  "resourceType": "ValueSet",
  "id": "ConsentExchangePolicies",
  "text": {
    "status": "generated",
    "div": "<div xmlns=\"http://www.w3.org/1999/xhtml\"><p>This value set includes codes based on the following rules:</p><ul><li>Include all codes defined in <code>http://mehi-ig.tranquildata.com/CodeSystem/PayorToPayorExchangePolicyCodes</code></li><li>Import all the codes that are contained in <a href=\"http://hl7.org/fhir/R4/valueset-consent-policy.html\">http://hl7.org/fhir/ValueSet/consent-policy</a></li></ul></div>"
  },
  "url": "http://consent-engine-ig.awatson.mitre.org/ValueSet/ConsentExchangePolicies",
  "version": "0.3.6",
  "name": "ConsentExchangePolicies",
  "title": "ConsentExchangePolicies",
  "status": "active",
  "date": "2022-01-18T09:56:03-06:00",
  "publisher": "MITRE, Inc",
  "contact": [
    {
      "name": "MITRE, Inc",
      "telecom": [
        {
          "system": "url",
          "value": "https://gitlab.mitre.org/awatson/consent-engine-ig"
        }
      ]
    }
  ],
  "description": "Consent Exchange - Policies",
  "compose": {
    "include": [
      {
        "system": "http://mehi-ig.tranquildata.com/CodeSystem/PayorToPayorExchangePolicyCodes"
      },
      {
        "valueSet": [
          "http://hl7.org/fhir/ValueSet/consent-policy"
        ]
      }
    ]
  }
}